日期,指数代码,指数名称,成交额(元),涨跌幅(%),主力净流入(元),较上一交易日成交额(元),近三交易日成交额(元),近三日大单净额(元)
20251118,000029.SH,180价值,,,,,,
20251118,000028.SH,180成长,,,,,,
20251118,000021.SH,180治理,,,,,,
20251118,000018.SH,180金融,,,,,,
20251118,886106.TI,2025三季报预增,,,,,,
20251118,886104.TI,2025中报预增,,,,,,
20251118,000919.CSI,300价值,,,,,,
20251118,000915.CSI,300信息,,,,,,
20251118,000917.CSI,300公用,,,,,,
20251118,399913.SZ,300医药,,,,,,
20251118,000911.CSI,300可选,,,,,,
20251118,000910.CSI,300工业,,,,,,
20251118,000918.CSI,300成长,,,,,,
20251118,000909.CSI,300材料,,,,,,
20251118,000912.CSI,300消费,,,,,,
20251118,000908.CSI,300能源,,,,,,
20251118,000916.CSI,300通信,,,,,,
20251118,399914.SZ,300金融,,,,,,
20251118,000849.SH,300非银,,,,,,
20251118,885537.TI,3D打印,,,,,,
20251118,000858.SH,500信息,,,,,,
20251118,000857.SH,500医药,,,,,,
20251118,000854.SH,500原料,,,,,,
20251118,000856.SH,500工业,,,,,,
20251118,000802.SH,500沪市,,,,,,
20251118,000050.SH,50等权,,,,,,
20251118,885556.TI,5G,,,,,,
20251118,886037.TI,6G概念,,,,,,
20251118,399935.SZ,800信息,,,,,,
20251118,000937.CSI,800公用,,,,,,
20251118,399933.SZ,800医卫,,,,,,
20251118,000931.CSI,800可选,,,,,,
20251118,000930.CSI,800工业,,,,,,
20251118,000929.CSI,800材料,,,,,,
20251118,399932.SZ,800消费,,,,,,
20251118,399928.SZ,800能源,,,,,,
20251118,000936.CSI,800通信,,,,,,
20251118,399934.SZ,800金地,,,,,,
20251118,886071.TI,AI PC,,,,,,
20251118,886019.TI,AIGC概念,,,,,,
20251118,886070.TI,AI手机,,,,,,
20251118,886099.TI,AI智能体,,,,,,
20251118,886085.TI,AI眼镜,,,,,,
20251118,886074.TI,AI语料,,,,,,
20251118,000002.SH,A股指数,,,,,,
20251118,886053.TI,BC电池,,,,,,
20251118,000003.SH,B股指数,,,,,,
20251118,885888.TI,C2M概念,,,,,,
20251118,885927.TI,CRO概念,,,,,,
20251118,930701.CSI,CS京津冀,,,,,,
20251118,886031.TI,ChatGPT概念,,,,,,
20251118,885947.TI,DRG/DIP,,,,,,
20251118,886100.TI,DeepSeek概念,,,,,,
20251118,885943.TI,EDR概念,,,,,,
20251118,886039.TI,ERP概念,,,,,,
20251118,885861.TI,ETC,,,,,,
20251118,885998.TI,F5G概念,,,,,,
20251118,885878.TI,HJT电池,,,,,,
20251118,886095.TI,IP经济(谷子经济),,,,,,
20251118,399239.SZ,IT指数,,,,,,
20251118,881271.TI,IT服务,,,,,,
20251118,884095.TI,LED,,,,,,
20251118,885925.TI,MCU芯片,,,,,,
20251118,886040.TI,MLOps概念,,,,,,
20251118,886046.TI,MR(混合现实),,,,,,
20251118,704843.MSI,MSCI中国A股国际,,,,,,
20251118,885987.TI,MicroLED概念,,,,,,
20251118,885875.TI,MiniLED,,,,,,
20251118,885933.TI,NFT概念,,,,,,
20251118,885900.TI,NMN概念,,,,,,
20251118,885738.TI,OLED,,,,,,
20251118,885959.TI,PCB概念,,,,,,
20251118,886063.TI,PEEK材料,,,,,,
20251118,886020.TI,PET铜箔,,,,,,
20251118,885555.TI,PM2.5,,,,,,
20251118,886026.TI,POE胶膜,,,,,,
20251118,885690.TI,PPP概念,,,,,,
20251118,885931.TI,PVDF概念,,,,,,
20251118,883924.TI,QFII重仓,,,,,,
20251118,399017.SZ,SME创新,,,,,,
20251118,885699.TI,ST板块,,,,,,
20251118,886068.TI,Sora概念(文生视频),,,,,,
20251118,399610.SZ,TMT50,,,,,,
20251118,886007.TI,TOPCON电池,,,,,,
20251118,886017.TI,Web3.0,,,,,,
20251118,885940.TI,WiFi6,,,,,,
20251118,886000.TI,一体化压铸,,,,,,
20251118,883437.TI,一元股,,,,,,
20251118,885494.TI,一带一路,,,,,,
20251118,885540.TI,三胎概念,,,,,,
20251118,883984.TI,上市首五日,,,,,,
20251118,882027.TI,上海(除浦东),,,,,,
20251118,950096.CSI,上海国企,,,,,,
20251118,885493.TI,上海国企改革,,,,,,
20251118,950082.CSI,上海改革,,,,,,
20251118,885472.TI,上海自贸区,,,,,,
20251118,000132.SH,上证100,,,,,,
20251118,000133.SH,上证150,,,,,,
20251118,000010.SH,上证180,,,,,,
20251118,000009.SH,上证380,,,,,,
20251118,000016.SH,上证50,,,,,,
20251118,950580.SH,上证580,,,,,,
20251118,000094.SH,上证上游,,,,,,
20251118,000096.SH,上证下游,,,,,,
20251118,000046.SH,上证中小,,,,,,
20251118,000095.SH,上证中游,,,,,,
20251118,000044.SH,上证中盘,,,,,,
20251118,000047.SH,上证全指,,,,,,
20251118,000037.SH,上证医药,,,,,,
20251118,000063.SH,上证周期,,,,,,
20251118,000066.SH,上证商品,,,,,,
20251118,000056.SH,上证国企,,,,,,
20251118,000055.SH,上证地企,,,,,,
20251118,000042.SH,上证央企,,,,,,
20251118,000045.SH,上证小盘,,,,,,
20251118,000001.SH,上证指数,,,,,,
20251118,991001.TI,上证指数(旧),,,,,,
20251118,000888.SH,上证收益,,,,,,
20251118,000067.SH,上证新兴,,,,,,
20251118,000049.SH,上证民企,,,,,,
20251118,000062.SH,上证沪企,,,,,,
20251118,000090.SH,上证流通,,,,,,
20251118,000054.SH,上证海外,,,,,,
20251118,000036.SH,上证消费,,,,,,
20251118,000068.SH,上证资源,,,,,,
20251118,000038.SH,上证金融,,,,,,
20251118,000065.SH,上证龙头,,,,,,
20251118,884068.TI,专业工程,,,,,,
20251118,884257.TI,专业服务,,,,,,
20251118,884161.TI,专业连锁,,,,,,
20251118,881118.TI,专用设备,,,,,,
20251118,885929.TI,专精特新,,,,,,
20251118,885829.TI,丙烯酸,,,,,,
20251118,883936.TI,业绩扭亏,,,,,,
20251118,883935.TI,业绩预亏,,,,,,
20251118,885957.TI,东数西算(算力),,,,,,
20251118,885974.TI,两轮车,,,,,,
20251118,884271.TI,个护用品,,,,,,
20251118,885965.TI,中俄贸易概念,,,,,,
20251118,399422.SZ,中关村A,,,,,,
20251118,399612.SZ,中创100,,,,,,
20251118,399611.SZ,中创100R,,,,,,
20251118,399624.SZ,中创400,,,,,,
20251118,399625.SZ,中创500,,,,,,
20251118,886102.TI,中国AI 50,,,,,,
20251118,000020.SH,中型综指,,,,,,
20251118,885741.TI,中字头股票,,,,,,
20251118,399005.SZ,中小100,,,,,,
20251118,399333.SZ,中小100R,,,,,,
20251118,399008.SZ,中小300,,,,,,
20251118,399015.SZ,中小创新,,,,,,
20251118,399623.SZ,中小基础,,,,,,
20251118,399101.SZ,中小综指,,,,,,
20251118,885860.TI,中船系,,,,,,
20251118,885897.TI,中芯国际概念,,,,,,
20251118,881141.TI,中药,,,,,,
20251118,399852.SZ,中证1000,,,,,,
20251118,000904.CSI,中证200,,,,,,
20251118,399905.SZ,中证500,,,,,,
20251118,000907.CSI,中证700,,,,,,
20251118,000906.SH,中证800,,,,,,
20251118,399903.SZ,中证A100,,,,,,
20251118,930903.CSI,中证A股,,,,,,
20251118,000961.CSI,中证上游,,,,,,
20251118,399971.SZ,中证传媒,,,,,,
20251118,000985.CSI,中证全指,,,,,,
20251118,399967.SZ,中证军工,,,,,,
20251118,000902.CSI,中证流通,,,,,,
20251118,000827.SH,中证环保,,,,,,
20251118,000922.CSI,中证红利,,,,,,
20251118,000980.CSI,中证超大,,,,,,
20251118,399986.SZ,中证银行,,,,,,
20251118,885591.TI,中韩自贸区,,,,,,
20251118,885587.TI,举牌,,,,,,
20251118,399103.SZ,乐富指数,,,,,,
20251118,884099.TI,乘用车,,,,,,
20251118,885705.TI,乡村振兴,,,,,,
20251118,885462.TI,乳业,,,,,,
20251118,884125.TI,乳品,,,,,,
20251118,885881.TI,云办公,,,,,,
20251118,882032.TI,云南,,,,,,
20251118,885874.TI,云游戏,,,,,,
20251118,885362.TI,云计算,,,,,,
20251118,885767.TI,互联网保险,,,,,,
20251118,881177.TI,互联网电商,,,,,,
20251118,885456.TI,互联网金融,,,,,,
20251118,884203.TI,产业地产,,,,,,
20251118,885514.TI,京津冀一体化,,,,,,
20251118,884163.TI,人工景点,,,,,,
20251118,885728.TI,人工智能,,,,,,
20251118,886069.TI,人形机器人,,,,,,
20251118,885840.TI,人民币贬值受益,,,,,,
20251118,885759.TI,人脸识别,,,,,,
20251118,885839.TI,人造肉,,,,,,
20251118,885904.TI,代糖概念,,,,,,
20251118,884192.TI,仪器仪表,,,,,,
20251118,885856.TI,仿制药一致性评价,,,,,,
20251118,884233.TI,休闲食品,,,,,,
20251118,399698.SZ,优势成长,,,,,,
20251118,885946.TI,传感器,,,,,,
20251118,883960.TI,低价股,,,,,,
20251118,883415.TI,低市净率,,,,,,
20251118,883413.TI,低市盈率,,,,,,
20251118,886067.TI,低空经济,,,,,,
20251118,884202.TI,住宅开发,,,,,,
20251118,884243.TI,体外诊断,,,,,,
20251118,884258.TI,体育,,,,,,
20251118,885615.TI,体育产业,,,,,,
20251118,883403.TI,佛山,,,,,,
20251118,886016.TI,供销社,,,,,,
20251118,885964.TI,俄乌冲突概念,,,,,,
20251118,RTS.GI,俄罗斯RTS,,,,,,
20251118,881156.TI,保险,,,,,,
20251118,883934.TI,保险重仓,,,,,,
20251118,886013.TI,信创,,,,,,
20251118,885814.TI,信托概念,,,,,,
20251118,883923.TI,信托重仓,,,,,,
20251118,885921.TI,储能,,,,,,
20251118,881270.TI,元件,,,,,,
20251118,885934.TI,元宇宙,,,,,,
20251118,885461.TI,充电桩,,,,,,
20251118,883433.TI,先进制造,,,,,,
20251118,886009.TI,先进封装,,,,,,
20251118,884306.TI,光伏加工设备,,,,,,
20251118,885920.TI,光伏建筑一体化,,,,,,
20251118,885531.TI,光伏概念,,,,,,
20251118,884303.TI,光伏电池组件,,,,,,
20251118,881279.TI,光伏设备,,,,,,
20251118,884305.TI,光伏辅材,,,,,,
20251118,886054.TI,光刻机,,,,,,
20251118,885864.TI,光刻胶,,,,,,
20251118,884096.TI,光学元件,,,,,,
20251118,881122.TI,光学光电子,,,,,,
20251118,886011.TI,光热发电,,,,,,
20251118,886084.TI,光纤概念,,,,,,
20251118,885898.TI,免税店,,,,,,
20251118,000993.SH,全指信息,,,,,,
20251118,000991.SH,全指医药,,,,,,
20251118,000989.SH,全指可选,,,,,,
20251118,000988.CSI,全指工业,,,,,,
20251118,000987.SH,全指材料,,,,,,
20251118,000990.CSI,全指消费,,,,,,
20251118,000986.SH,全指能源,,,,,,
20251118,884200.TI,公交,,,,,,
20251118,399244.SZ,公共指数,,,,,,
20251118,000007.SH,公用指数,,,,,,
20251118,881149.TI,公路铁路运输,,,,,,
20251118,885747.TI,共享单车,,,,,,
20251118,885924.TI,共同富裕示范区,,,,,,
20251118,886033.TI,共封装光学(CPO),,,,,,
20251118,886101.TI,兵装重组概念,,,,,,
20251118,884082.TI,其他专用设备,,,,,,
20251118,884277.TI,其他养殖,,,,,,
20251118,884011.TI,其他农产品加工,,,,,,
20251118,884034.TI,其他化学制品,,,,,,
20251118,884025.TI,其他化学原料,,,,,,
20251118,884245.TI,其他医疗服务,,,,,,
20251118,884046.TI,其他塑料制品,,,,,,
20251118,884140.TI,其他家居用品,,,,,,
20251118,884186.TI,其他小金属,,,,,,
20251118,884062.TI,其他建材,,,,,,
20251118,884050.TI,其他橡胶制品,,,,,,
20251118,884292.TI,其他汽车零部件,,,,,,
20251118,884240.TI,其他生物制品,,,,,,
20251118,881123.TI,其他电子,,,,,,
20251118,884312.TI,其他电池,,,,,,
20251118,881282.TI,其他电源设备,,,,,,
20251118,881179.TI,其他社会服务,,,,,,
20251118,884003.TI,其他种植业,,,,,,
20251118,884044.TI,其他纤维,,,,,,
20251118,884132.TI,其他纺织,,,,,,
20251118,884221.TI,其他自动化设备,,,,,,
20251118,884207.TI,其他计算机设备,,,,,,
20251118,884106.TI,其他运输设备,,,,,,
20251118,884265.TI,其他通信设备,,,,,,
20251118,884074.TI,其他通用设备,,,,,,
20251118,884119.TI,其他酒类,,,,,,
20251118,884056.TI,其他金属新材料,,,,,,
20251118,884126.TI,其他食品,,,,,,
20251118,884118.TI,其他黑色家电,,,,,,
20251118,881102.TI,养殖业,,,,,,
20251118,885522.TI,养老概念,,,,,,
20251118,883442.TI,养老金持股,,,,,,
20251118,885808.TI,养鸡,,,,,,
20251118,882020.TI,内蒙古,,,,,,
20251118,885700.TI,军工,,,,,,
20251118,886076.TI,军工信息化,,,,,,
20251118,881276.TI,军工电子,,,,,,
20251118,881166.TI,军工装备,,,,,,
20251118,885743.TI,军民融合,,,,,,
20251118,885812.TI,农业种植,,,,,,
20251118,884012.TI,农业综合,,,,,,
20251118,881103.TI,农产品加工,,,,,,
20251118,881263.TI,农化制品,,,,,,
20251118,884252.TI,农商行,,,,,,
20251118,885706.TI,农机,,,,,,
20251118,885629.TI,农村电商,,,,,,
20251118,399231.SZ,农林指数,,,,,,
20251118,884078.TI,农用机械,,,,,,
20251118,884028.TI,农药,,,,,,
20251118,884112.TI,冰洗,,,,,,
20251118,885825.TI,冰雪产业,,,,,,
20251118,884214.TI,冶钢原料,,,,,,
20251118,885502.TI,冷链物流,,,,,,
20251118,885961.TI,净水概念,,,,,,
20251118,883420.TI,减持新规(不可减持),,,,,,
20251118,883921.TI,减持计划,,,,,,
20251118,886051.TI,减肥药,,,,,,
20251118,886008.TI,减速器,,,,,,
20251118,884176.TI,出版,,,,,,
20251118,399354.SZ,分析师指,,,,,,
20251118,884090.TI,分立器件,,,,,,
20251118,399019.SZ,创业200,,,,,,
20251118,399012.SZ,创业300,,,,,,
20251118,399018.SZ,创业创新,,,,,,
20251118,399640.SZ,创业基础,,,,,,
20251118,399020.SZ,创业小盘,,,,,,
20251118,399673.SZ,创业板50,,,,,,
20251118,399606.SZ,创业板R,,,,,,
20251118,470006.SZ,创业板R(港币)(CNH),,,,,,
20251118,470007.SZ,创业板R(美元)(CNH),,,,,,
20251118,399006.SZ,创业板指,,,,,,
20251118,970006.SZ,创业板指(港币)(CNH),,,,,,
20251118,970007.SZ,创业板指(美元)(CNH),,,,,,
20251118,399102.SZ,创业板综,,,,,,
20251118,883424.TI,创业科创板昨日涨停,,,,,,
20251118,883911.TI,创历史新高,,,,,,
20251118,885413.TI,创投,,,,,,
20251118,399050.SZ,创新引擎,,,,,,
20251118,886015.TI,创新药,,,,,,
20251118,399269.SZ,创质量,,,,,,
20251118,884073.TI,制冷空调设备,,,,,,
20251118,399233.SZ,制造指数,,,,,,
20251118,883928.TI,券商重仓,,,,,,
20251118,885944.TI,动力电池回收,,,,,,
20251118,884013.TI,动物保健,,,,,,
20251118,885846.TI,动物疫苗,,,,,,
20251118,884236.TI,包装,,,,,,
20251118,881138.TI,包装印刷,,,,,,
20251118,885740.TI,化债概念(AMC概念),,,,,,
20251118,884272.TI,化妆品,,,,,,
20251118,884144.TI,化学制剂,,,,,,
20251118,881109.TI,化学制品,,,,,,
20251118,881140.TI,化学制药,,,,,,
20251118,881108.TI,化学原料,,,,,,
20251118,881264.TI,化学纤维,,,,,,
20251118,885967.TI,化肥,,,,,,
20251118,882002.TI,北京,,,,,,
20251118,931023.CSI,北京50,,,,,,
20251118,899050.BJ,北证50,,,,,,
20251118,885757.TI,区块链,,,,,,
20251118,399286.SZ,区块链50,,,,,,
20251118,881144.TI,医疗器械,,,,,,
20251118,885539.TI,医疗器械概念,,,,,,
20251118,885883.TI,医疗废物处理,,,,,,
20251118,881175.TI,医疗服务,,,,,,
20251118,884244.TI,医疗研发外包,,,,,,
20251118,884273.TI,医疗美容,,,,,,
20251118,884242.TI,医疗耗材,,,,,,
20251118,884145.TI,医疗设备,,,,,,
20251118,885913.TI,医美概念,,,,,,
20251118,883435.TI,医药医疗,,,,,,
20251118,881143.TI,医药商业,,,,,,
20251118,884199.TI,医药流通,,,,,,
20251118,885661.TI,医药电商,,,,,,
20251118,884301.TI,医院,,,,,,
20251118,881121.TI,半导体,,,,,,
20251118,884091.TI,半导体材料,,,,,,
20251118,884229.TI,半导体设备,,,,,,
20251118,886091.TI,华为手机,,,,,,
20251118,886093.TI,华为数字能源,,,,,,
20251118,886058.TI,华为昇腾,,,,,,
20251118,885806.TI,华为概念,,,,,,
20251118,885982.TI,华为欧拉,,,,,,
20251118,885834.TI,华为汽车,,,,,,
20251118,885843.TI,华为海思概念股,,,,,,
20251118,886094.TI,华为盘古,,,,,,
20251118,885980.TI,华为鲲鹏,,,,,,
20251118,885574.TI,卫星导航,,,,,,
20251118,884092.TI,印制电路板,,,,,,
20251118,884235.TI,印刷,,,,,,
20251118,884081.TI,印刷包装机械,,,,,,
20251118,884130.TI,印染,,,,,,
20251118,884143.TI,原料药,,,,,,
20251118,881174.TI,厨卫电器,,,,,,
20251118,885623.TI,参股保险,,,,,,
20251118,885620.TI,参股券商,,,,,,
20251118,885835.TI,参股银行,,,,,,
20251118,886065.TI,可控核聚变,,,,,,
20251118,885748.TI,可燃冰,,,,,,
20251118,883981.TI,可转债指数,,,,,,
20251118,885901.TI,可降解塑料,,,,,,
20251118,884212.TI,合成树脂,,,,,,
20251118,886077.TI,合成生物,,,,,,
20251118,882016.TI,吉林,,,,,,
20251118,886045.TI,同花顺中特估100,,,,,,
20251118,883421.TI,同花顺全A(沪深),,,,,,
20251118,883957.TI,同花顺全A(沪深京),1945959300000.0,,,,1945959300000.0,
20251118,886075.TI,同花顺出海50,,,,,,
20251118,883404.TI,同花顺情绪指数,,,,,,
20251118,883426.TI,同花顺拟回购指数,,,,,,
20251118,886096.TI,同花顺新质50,,,,,,
20251118,886082.TI,同花顺果指数,,,,,,
20251118,885916.TI,同花顺漂亮100,,,,,,
20251118,883910.TI,同花顺热股,,,,,,
20251118,883980.TI,含可转债,,,,,,
20251118,883436.TI,周期,,,,,,
20251118,884230.TI,品牌消费电子,,,,,,
20251118,884247.TI,商业地产,,,,,,
20251118,000005.SH,商业指数,,,,,,
20251118,884162.TI,商业物业经营,,,,,,
20251118,886078.TI,商业航天,,,,,,
20251118,399242.SZ,商务指数,,,,,,
20251118,884101.TI,商用载客车,,,,,,
20251118,884100.TI,商用载货车,,,,,,
20251118,884189.TI,啤酒,,,,,,
20251118,885780.TI,啤酒概念,,,,,,
20251118,882028.TI,四川,,,,,,
20251118,886089.TI,回购增持再贷款概念,,,,,,
20251118,883929.TI,回购计划,,,,,,
20251118,885410.TI,固废处理,,,,,,
20251118,884269.TI,固废治理,,,,,,
20251118,886032.TI,固态电池,,,,,,
20251118,885844.TI,国产操作系统,,,,,,
20251118,885795.TI,国产航母,,,,,,
20251118,886021.TI,国企改革,,,,,,
20251118,931052.CSI,国信价值,,,,,,
20251118,885893.TI,国家大基金持股,,,,,,
20251118,884249.TI,国有大型银行,,,,,,
20251118,399311.SZ,国证1000,,,,,,
20251118,399303.SZ,国证2000,,,,,,
20251118,399312.SZ,国证300,,,,,,
20251118,399310.SZ,国证A50,,,,,,
20251118,399317.SZ,国证A指,,,,,,
20251118,399318.SZ,国证B指,,,,,,
20251118,399358.SZ,国证环保,,,,,,
20251118,885977.TI,国资云,,,,,,
20251118,885439.TI,土地流转,,,,,,
20251118,885962.TI,土壤修复,,,,,,
20251118,885480.TI,在线教育,,,,,,
20251118,885692.TI,地下管网,,,,,,
20251118,399241.SZ,地产指数,,,,,,
20251118,884182.TI,地面兵装,,,,,,
20251118,884295.TI,垂直应用软件,,,,,,
20251118,885854.TI,垃圾分类,,,,,,
20251118,884251.TI,城商行,,,,,,
20251118,885937.TI,培育钻石,,,,,,
20251118,885578.TI,基因测序,,,,,,
20251118,399995.SZ,基建工程,,,,,,
20251118,000925.CSI,基本面50,,,,,,
20251118,884067.TI,基础建设,,,,,,
20251118,883406.TI,基金重仓股,,,,,,
20251118,881265.TI,塑料制品,,,,,,
20251118,883904.TI,增发募集指数,,,,,,
20251118,883903.TI,增发预案指数,,,,,,
20251118,883915.TI,增持计划,,,,,,
20251118,884035.TI,复合肥,,,,,,
20251118,881283.TI,多元金融,,,,,,
20251118,886062.TI,多模态AI,,,,,,
20251118,884267.TI,大气治理,,,,,,
20251118,883417.TI,大盘股,,,,,,
20251118,885810.TI,大豆,,,,,,
20251118,885566.TI,大飞机,,,,,,
20251118,882029.TI,天津,,,,,,
20251118,885487.TI,天津自贸区,,,,,,
20251118,885430.TI,天然气,,,,,,
20251118,886043.TI,太赫兹,,,,,,
20251118,885595.TI,央企国企改革,,,,,,
20251118,399550.SZ,央视50,,,,,,
20251118,399551.SZ,央视创新,,,,,,
20251118,399553.SZ,央视回报,,,,,,
20251118,399552.SZ,央视成长,,,,,,
20251118,399557.SZ,央视文化,,,,,,
20251118,399554.SZ,央视治理,,,,,,
20251118,399556.SZ,央视生态,,,,,,
20251118,399555.SZ,央视责任,,,,,,
20251118,886042.TI,存储芯片,,,,,,
20251118,882021.TI,宁夏,,,,,,
20251118,885789.TI,宁德时代概念,,,,,,
20251118,882001.TI,安徽,,,,,,
20251118,885423.TI,安防,,,,,,
20251118,884294.TI,安防设备,,,,,,
20251118,884299.TI,定制家居,,,,,,
20251118,883964.TI,定增破发,,,,,,
20251118,886012.TI,宠物经济,,,,,,
20251118,884280.TI,宠物食品,,,,,,
20251118,881139.TI,家居用品,,,,,,
20251118,885981.TI,家庭医生,,,,,,
20251118,885543.TI,家用电器,,,,,,
20251118,884116.TI,家电零部件,,,,,,
20251118,884137.TI,家纺,,,,,,
20251118,883411.TI,密集调研,,,,,,
20251118,885786.TI,富士康概念,,,,,,
20251118,881173.TI,小家电,,,,,,
20251118,399901.SZ,小康指数,,,,,,
20251118,885785.TI,小米概念,,,,,,
20251118,886064.TI,小米汽车,,,,,,
20251118,886098.TI,小红书概念,,,,,,
20251118,881170.TI,小金属,,,,,,
20251118,885552.TI,小金属概念,,,,,,
20251118,882023.TI,山东,,,,,,
20251118,882024.TI,山西,,,,,,
20251118,885783.TI,工业互联网,,,,,,
20251118,885818.TI,工业大麻,,,,,,
20251118,000004.SH,工业指数,,,,,,
20251118,885930.TI,工业母机,,,,,,
20251118,881168.TI,工业金属,,,,,,
20251118,884219.TI,工控设备,,,,,,
20251118,884217.TI,工程咨询服务,,,,,,
20251118,881268.TI,工程机械,,,,,,
20251118,399313.SZ,巨潮100,,,,,,
20251118,399315.SZ,巨潮中盘,,,,,,
20251118,399314.SZ,巨潮大盘,,,,,,
20251118,399316.SZ,巨潮小盘,,,,,,
20251118,000155.SH,市值百强,,,,,,
20251118,885952.TI,幽门螺杆菌概念,,,,,,
20251118,882008.TI,广东(除深圳),,,,,,
20251118,885734.TI,广东自贸区,,,,,,
20251118,884178.TI,广告营销,,,,,,
20251118,882009.TI,广西,,,,,,
20251118,884290.TI,底盘与发动机系统,,,,,,
20251118,399235.SZ,建筑指数,,,,,,
20251118,881115.TI,建筑材料,,,,,,
20251118,885386.TI,建筑节能,,,,,,
20251118,881116.TI,建筑装饰,,,,,,
20251118,884117.TI,彩电,,,,,,
20251118,881274.TI,影视院线,,,,,,
20251118,883418.TI,微盘股,,,,,,
20251118,GDAXI.GI,德国DAX,,,,,,
20251118,885918.TI,快手概念,,,,,,
20251118,HSCE.HK,恒生中国企业,,,,,,
20251118,HSI.HK,恒生指数,,,,,,
20251118,399003.SZ,成份B指,,,,,,
20251118,884298.TI,成品家居,,,,,,
20251118,399326.SZ,成长40,,,,,,
20251118,886030.TI,成飞概念,,,,,,
20251118,881153.TI,房地产,,,,,,
20251118,884248.TI,房地产服务,,,,,,
20251118,884066.TI,房屋建设,,,,,,
20251118,886087.TI,房屋检测,,,,,,
20251118,885457.TI,手机游戏,,,,,,
20251118,885968.TI,托育服务,,,,,,
20251118,399236.SZ,批零指数,,,,,,
20251118,885890.TI,抖音概念(字节概念),,,,,,
20251118,885935.TI,抽水蓄能,,,,,,
20251118,885910.TI,拼多多概念,,,,,,
20251118,885938.TI,换电概念,,,,,,
20251118,885742.TI,摘帽,,,,,,
20251118,884048.TI,改性塑料,,,,,,
20251118,881178.TI,教育,,,,,,
20251118,885842.TI,数字乡村,,,,,,
20251118,884261.TI,数字媒体,,,,,,
20251118,885820.TI,数字孪生,,,,,,
20251118,886034.TI,数字水印,,,,,,
20251118,885976.TI,数字经济,,,,,,
20251118,884287.TI,数字芯片设计,,,,,,
20251118,885866.TI,数字货币,,,,,,
20251118,885887.TI,数据中心,,,,,,
20251118,885942.TI,数据安全,,,,,,
20251118,886023.TI,数据确权,,,,,,
20251118,886041.TI,数据要素,,,,,,
20251118,881164.TI,文化传媒,,,,,,
20251118,885418.TI,文化传媒概念,,,,,,
20251118,399248.SZ,文化指数,,,,,,
20251118,884142.TI,文娱用品,,,,,,
20251118,000171.CSI,新兴成指,,,,,,
20251118,000891.SH,新兴综指,,,,,,
20251118,885991.TI,新型城镇化,,,,,,
20251118,886057.TI,新型工业化,,,,,,
20251118,885899.TI,新型烟草(电子烟),,,,,,
20251118,399100.SZ,新指数,,,,,,
20251118,399297.SZ,新浪100,,,,,,
20251118,882031.TI,新疆,,,,,,
20251118,885345.TI,新疆振兴,,,,,,
20251118,000017.SH,新综指,,,,,,
20251118,885598.TI,新股与次新股,,,,,,
20251118,884150.TI,新能源发电,,,,,,
20251118,885431.TI,新能源汽车,,,,,,
20251118,881160.TI,旅游及酒店,,,,,,
20251118,885497.TI,旅游概念,,,,,,
20251118,884165.TI,旅游综合,,,,,,
20251118,884254.TI,旅游零售,,,,,,
20251118,885564.TI,无人机,,,,,,
20251118,885768.TI,无人零售,,,,,,
20251118,885736.TI,无人驾驶,,,,,,
20251118,884024.TI,无机盐,,,,,,
20251118,885774.TI,无线充电,,,,,,
20251118,885868.TI,无线耳机,,,,,,
20251118,886036.TI,时空大数据,,,,,,
20251118,886055.TI,星闪概念,,,,,,
20251118,883401.TI,昨日ST连板股表现,,,,,,
20251118,883400.TI,昨日ST首板股表现,,,,,,
20251118,883902.TI,昨日成交前十,,,,,,
20251118,883996.TI,昨日打二板以上表现,,,,,,
20251118,883978.TI,昨日打板表现,,,,,,
20251118,883995.TI,昨日打首板以上表现,,,,,,
20251118,883994.TI,昨日打首板表现,,,,,,
20251118,883905.TI,昨日换手前十,,,,,,
20251118,883900.TI,昨日涨停表现,,,,,,
20251118,883918.TI,昨日炸板股,,,,,,
20251118,883901.TI,昨日资金前十,,,,,,
20251118,883958.TI,昨日连板,,,,,,
20251118,883999.TI,昨日非ST三板以上表现,,,,,,
20251118,883998.TI,昨日非ST三板表现,,,,,,
20251118,883997.TI,昨日非ST二板表现,,,,,,
20251118,883992.TI,昨日非ST打板,,,,,,
20251118,883986.TI,昨日非ST涨停表现,,,,,,
20251118,883987.TI,昨日非ST炸板,,,,,,
20251118,883988.TI,昨日非ST连板,,,,,,
20251118,883993.TI,昨日非ST首板,,,,,,
20251118,883979.TI,昨日首板表现,,,,,,
20251118,883906.TI,昨日高振幅,,,,,,
20251118,884052.TI,普钢,,,,,,
20251118,885378.TI,智慧城市,,,,,,
20251118,885956.TI,智慧政务,,,,,,
20251118,885963.TI,智慧灯杆,,,,,,
20251118,885402.TI,智能医疗,,,,,,
20251118,885478.TI,智能家居,,,,,,
20251118,886059.TI,智能座舱,,,,,,
20251118,885770.TI,智能物流,,,,,,
20251118,885311.TI,智能电网,,,,,,
20251118,885454.TI,智能穿戴,,,,,,
20251118,885771.TI,智能音箱,,,,,,
20251118,886090.TI,智谱AI,,,,,,
20251118,883410.TI,最近多板,,,,,,
20251118,884211.TI,有机硅,,,,,,
20251118,885912.TI,有机硅概念,,,,,,
20251118,000819.SH,有色金属,,,,,,
20251118,884234.TI,服装,,,,,,
20251118,881136.TI,服装家纺,,,,,,
20251118,885570.TI,期货概念,,,,,,
20251118,884218.TI,机器人,,,,,,
20251118,885517.TI,机器人概念,,,,,,
20251118,886002.TI,机器视觉,,,,,,
20251118,884156.TI,机场,,,,,,
20251118,881151.TI,机场航运,,,,,,
20251118,884069.TI,机床工具,,,,,,
20251118,883967.TI,机构周调研前十,,,,,,
20251118,883966.TI,机构月调研前十,,,,,,
20251118,883990.TI,机构重仓股,,,,,,
20251118,884004.TI,林业,,,,,,
20251118,884009.TI,果蔬加工,,,,,,
20251118,885633.TI,染料,,,,,,
20251118,885809.TI,柔性屏(折叠屏),,,,,,
20251118,885948.TI,柔性直流输电,,,,,,
20251118,HKSPGEM.HK,标普香港创业板指数,,,,,,
20251118,886052.TI,核污染防治,,,,,,
20251118,885571.TI,核电,,,,,,
20251118,884128.TI,棉纺,,,,,,
20251118,884083.TI,楼宇设备,,,,,,
20251118,884288.TI,模拟芯片设计,,,,,,
20251118,884296.TI,横向通用软件,,,,,,
20251118,885827.TI,横琴新区,,,,,,
20251118,881266.TI,橡胶制品,,,,,,
20251118,885997.TI,比亚迪概念,,,,,,
20251118,885985.TI,毛发医疗,,,,,,
20251118,886035.TI,毫米波雷达,,,,,,
20251118,885960.TI,民爆概念,,,,,,
20251118,884032.TI,民爆用品,,,,,,
20251118,885490.TI,民营医院,,,,,,
20251118,884036.TI,氟化工,,,,,,
20251118,885551.TI,氟化工概念,,,,,,
20251118,885823.TI,氢能源,,,,,,
20251118,884045.TI,氨纶,,,,,,
20251118,884026.TI,氮肥,,,,,,
20251118,884023.TI,氯碱,,,,,,
20251118,884006.TI,水产养殖,,,,,,
20251118,884279.TI,水产饲料,,,,,,
20251118,885572.TI,水利,,,,,,
20251118,884268.TI,水务及水治理,,,,,,
20251118,884060.TI,水泥,,,,,,
20251118,885782.TI,水泥概念,,,,,,
20251118,884147.TI,水电,,,,,,
20251118,399234.SZ,水电指数,,,,,,
20251118,882017.TI,江苏,,,,,,
20251118,882018.TI,江西,,,,,,
20251118,885412.TI,污水处理,,,,,,
20251118,885902.TI,汽车拆解概念,,,,,,
20251118,881125.TI,汽车整车,,,,,,
20251118,884107.TI,汽车服务,,,,,,
20251118,881128.TI,汽车服务及其他,,,,,,
20251118,885999.TI,汽车热管理,,,,,,
20251118,885545.TI,汽车电子,,,,,,
20251118,884293.TI,汽车电子电气系统,,,,,,
20251118,885945.TI,汽车芯片,,,,,,
20251118,881126.TI,汽车零部件,,,,,,
20251118,000061.SH,沪企债30,,,,,,
20251118,399300.SZ,沪深300,,,,,,
20251118,883423.TI,沪深主板昨日涨停,,,,,,
20251118,885520.TI,沪股通,,,,,,
20251118,883908.TI,沪股通成交前十,,,,,,
20251118,882012.TI,河北,,,,,,
20251118,882013.TI,河南,,,,,,
20251118,884021.TI,油品石化贸易,,,,,,
20251118,884018.TI,油服工程,,,,,,
20251118,884016.TI,油气开采,,,,,,
20251118,881107.TI,油气开采及服务,,,,,,
20251118,885905.TI,注册制次新股,,,,,,
20251118,885879.TI,流感,,,,,,
20251118,882033.TI,浙江,,,,,,
20251118,882026.TI,浦东,,,,,,
20251118,882011.TI,海南,,,,,,
20251118,885894.TI,海南自贸区,,,,,,
20251118,885939.TI,海峡两岸,,,,,,
20251118,885426.TI,海工装备,,,,,,
20251118,884005.TI,海洋捕捞,,,,,,
20251118,884030.TI,涂料油墨,,,,,,
20251118,885882.TI,消毒剂,,,,,,
20251118,883434.TI,消费,,,,,,
20251118,000069.SH,消费80,,,,,,
20251118,881124.TI,消费电子,,,,,,
20251118,885800.TI,消费电子概念,,,,,,
20251118,884098.TI,消费电子零部件及组装,,,,,,
20251118,884041.TI,涤纶,,,,,,
20251118,886044.TI,液冷服务器,,,,,,
20251118,399750.SZ,深主板50,,,,,,
20251118,882007.TI,深圳,,,,,,
20251118,885697.TI,深圳国企改革,,,,,,
20251118,883985.TI,深市新主板,,,,,,
20251118,399013.SZ,深市精选,,,,,,
20251118,399002.SZ,深成指R,,,,,,
20251118,399672.SZ,深红利50,,,,,,
20251118,885694.TI,深股通,,,,,,
20251118,883912.TI,深股通成交前十,,,,,,
20251118,399330.SZ,深证100,,,,,,
20251118,399011.SZ,深证1000,,,,,,
20251118,399004.SZ,深证100R,,,,,,
20251118,399009.SZ,深证200,,,,,,
20251118,399679.SZ,深证200R,,,,,,
20251118,399007.SZ,深证300,,,,,,
20251118,399344.SZ,深证300R,,,,,,
20251118,399850.SZ,深证50,,,,,,
20251118,399010.SZ,深证700,,,,,,
20251118,399107.SZ,深证A指,,,,,,
20251118,399108.SZ,深证B指,,,,,,
20251118,399306.SZ,深证ETF,,,,,,
20251118,399702.SZ,深证F120,,,,,,
20251118,399703.SZ,深证F200,,,,,,
20251118,399701.SZ,深证F60,,,,,,
20251118,399348.SZ,深证价值,,,,,,
20251118,399016.SZ,深证创新,,,,,,
20251118,399001.SZ,深证成指,,,,,,
20251118,399337.SZ,深证民营,,,,,,
20251118,399106.SZ,深证综指,,,,,,
20251118,884153.TI,港口,,,,,,
20251118,881148.TI,港口航运,,,,,,
20251118,881275.TI,游戏,,,,,,
20251118,882014.TI,湖北,,,,,,
20251118,882015.TI,湖南,,,,,,
20251118,884220.TI,激光设备,,,,,,
20251118,884146.TI,火电,,,,,,
20251118,884051.TI,炭黑,,,,,,
20251118,885851.TI,烟草,,,,,,
20251118,884149.TI,热力,,,,,,
20251118,884015.TI,焦炭加工,,,,,,
20251118,884281.TI,煤化工,,,,,,
20251118,885398.TI,煤化工概念,,,,,,
20251118,884014.TI,煤炭开采,,,,,,
20251118,881105.TI,煤炭开采加工,,,,,,
20251118,885914.TI,煤炭概念,,,,,,
20251118,885775.TI,燃料电池,,,,,,
20251118,881146.TI,燃气,,,,,,
20251118,885926.TI,牙科医疗,,,,,,
20251118,885915.TI,物业管理,,,,,,
20251118,881152.TI,物流,,,,,,
20251118,885312.TI,物联网,,,,,,
20251118,885467.TI,特斯拉概念,,,,,,
20251118,885750.TI,特色小镇,,,,,,
20251118,884184.TI,特钢,,,,,,
20251118,885428.TI,特钢概念,,,,,,
20251118,885425.TI,特高压,,,,,,
20251118,885787.TI,独角兽概念,,,,,,
20251118,885573.TI,猪肉,,,,,,
20251118,885994.TI,猴痘概念,,,,,,
20251118,885811.TI,玉米,,,,,,
20251118,881284.TI,环保设备,,,,,,
20251118,881181.TI,环境治理,,,,,,
20251118,885903.TI,环氧丙烷,,,,,,
20251118,884059.TI,玻璃玻纤,,,,,,
20251118,883419.TI,珠海,,,,,,
20251118,884237.TI,瓷砖地板,,,,,,
20251118,882006.TI,甘肃,,,,,,
20251118,885505.TI,生态农业,,,,,,
20251118,881142.TI,生物制品,,,,,,
20251118,885845.TI,生物疫苗,,,,,,
20251118,886005.TI,生物质能发电,,,,,,
20251118,884275.TI,生猪养殖,,,,,,
20251118,884313.TI,电信运营商,,,,,,
20251118,881145.TI,电力,,,,,,
20251118,885819.TI,电力物联网,,,,,,
20251118,881172.TI,电子化学品,,,,,,
20251118,885737.TI,电子竞技,,,,,,
20251118,885953.TI,电子纸,,,,,,
20251118,885975.TI,电子身份证,,,,,,
20251118,881277.TI,电机,,,,,,
20251118,884086.TI,电气自控设备,,,,,,
20251118,881281.TI,电池,,,,,,
20251118,884310.TI,电池化学品,,,,,,
20251118,881278.TI,电网设备,,,,,,
20251118,884246.TI,电能综合服务,,,,,,
20251118,884172.TI,电视广播,,,,,,
20251118,884278.TI,畜禽饲料,,,,,,
20251118,884239.TI,疫苗,,,,,,
20251118,881131.TI,白色家电,,,,,,
20251118,881273.TI,白酒,,,,,,
20251118,885525.TI,白酒概念,,,,,,
20251118,883916.TI,百元股,,,,,,
20251118,885797.TI,百度概念,,,,,,
20251118,883416.TI,百日新高,,,,,,
20251118,884160.TI,百货零售,,,,,,
20251118,885922.TI,盐湖提锂,,,,,,
20251118,885838.TI,眼科医疗,,,,,,
20251118,885791.TI,知识产权保护,,,,,,
20251118,886060.TI,短剧游戏,,,,,,
20251118,885355.TI,石墨烯,,,,,,
20251118,885781.TI,石墨电极,,,,,,
20251118,884020.TI,石油加工,,,,,,
20251118,881180.TI,石油加工贸易,,,,,,
20251118,883930.TI,破净股,,,,,,
20251118,883965.TI,破发次新股,,,,,,
20251118,884302.TI,硅料硅片,,,,,,
20251118,885958.TI,硅能源,,,,,,
20251118,885919.TI,碳中和,,,,,,
20251118,885986.TI,碳交易,,,,,,
20251118,885650.TI,碳纤维,,,,,,
20251118,884057.TI,磁性材料,,,,,,
20251118,884071.TI,磨具磨料,,,,,,
20251118,885863.TI,磷化工,,,,,,
20251118,884027.TI,磷肥及磷化工,,,,,,
20251118,883407.TI,社保新进,,,,,,
20251118,883922.TI,社保重仓,,,,,,
20251118,882005.TI,福建,,,,,,
20251118,885617.TI,福建自贸区,,,,,,
20251118,885508.TI,禽流感,,,,,,
20251118,884001.TI,种子生产,,,,,,
20251118,881101.TI,种植业与林业,,,,,,
20251118,000698.SH,科创100,,,,,,
20251118,000699.SH,科创200,,,,,,
20251118,000688.SH,科创50,,,,,,
20251118,N00688.CSI,科创50(净),,,,,,
20251118,000681.SH,科创价格,,,,,,
20251118,885907.TI,科创次新股,,,,,,
20251118,000680.SH,科创综指,,,,,,
20251118,883432.TI,科技(TMT),,,,,,
20251118,H30318.CSI,科技传媒通信150,,,,,,
20251118,399243.SZ,科研指数,,,,,,
20251118,885758.TI,租售同权,,,,,,
20251118,885333.TI,移动支付,,,,,,
20251118,884215.TI,稀土,,,,,,
20251118,885343.TI,稀土永磁,,,,,,
20251118,886010.TI,空气能热泵,,,,,,
20251118,884113.TI,空调,,,,,,
20251118,886049.TI,空间计算,,,,,,
20251118,885908.TI,第三代半导体,,,,,,
20251118,000971.CSI,等权90,,,,,,
20251118,886050.TI,算力租赁,,,,,,
20251118,884064.TI,管材,,,,,,
20251118,884043.TI,粘胶,,,,,,
20251118,885521.TI,粤港澳大湾区,,,,,,
20251118,884010.TI,粮油加工,,,,,,
20251118,885995.TI,粮食概念,,,,,,
20251118,884002.TI,粮食种植,,,,,,
20251118,000015.SH,红利指数,,,,,,
20251118,883438.TI,红利破净股,,,,,,
20251118,884022.TI,纯碱,,,,,,
20251118,IXIC.GI,纳斯达克综指,,,,,,
20251118,881135.TI,纺织制造,,,,,,
20251118,884033.TI,纺织化学用品,,,,,,
20251118,884076.TI,纺织服装设备,,,,,,
20251118,884089.TI,线缆部件及其他,,,,,,
20251118,000814.SH,细分医药,,,,,,
20251118,885769.TI,细胞免疫治疗,,,,,,
20251118,000860.CSI,结构调整,,,,,,
20251118,885988.TI,统一大市场,,,,,,
20251118,886081.TI,维生素,,,,,,
20251118,399249.SZ,综企指数,,,,,,
20251118,881165.TI,综合,,,,,,
20251118,000008.SH,综合指数,,,,,,
20251118,884270.TI,综合环境治理,,,,,,
20251118,885936.TI,绿色电力,,,,,,
20251118,885876.TI,网红经济,,,,,,
20251118,885753.TI,网约车,,,,,,
20251118,885459.TI,网络安全,,,,,,
20251118,885603.TI,网络游戏,,,,,,
20251118,881182.TI,美容护理,,,,,,
20251118,884063.TI,耐火材料,,,,,,
20251118,885586.TI,职业教育,,,,,,
20251118,884039.TI,聚氨酯,,,,,,
20251118,884123.TI,肉制品,,,,,,
20251118,884276.TI,肉鸡养殖,,,,,,
20251118,885989.TI,肝炎概念,,,,,,
20251118,883925.TI,股东户数减少,,,,,,
20251118,883933.TI,股东户数增加,,,,,,
20251118,884250.TI,股份制银行,,,,,,
20251118,883938.TI,股性不活跃,,,,,,
20251118,883932.TI,股权分散,,,,,,
20251118,885739.TI,股权转让(并购重组),,,,,,
20251118,884080.TI,能源及重型设备,,,,,,
20251118,881267.TI,能源金属,,,,,,
20251118,886047.TI,脑机接口,,,,,,
20251118,885779.TI,腾讯概念,,,,,,
20251118,884213.TI,膜材料,,,,,,
20251118,881171.TI,自动化设备,,,,,,
20251118,884164.TI,自然景点,,,,,,
20251118,885764.TI,自由贸易港,,,,,,
20251118,884180.TI,航天装备,,,,,,
20251118,884183.TI,航海装备,,,,,,
20251118,885884.TI,航空发动机,,,,,,
20251118,884181.TI,航空装备,,,,,,
20251118,884157.TI,航空运输,,,,,,
20251118,884191.TI,航运,,,,,,
20251118,885733.TI,航运概念,,,,,,
20251118,885805.TI,芬太尼,,,,,,
20251118,885756.TI,芯片概念,,,,,,
20251118,886048.TI,英伟达概念,,,,,,
20251118,885376.TI,苹果概念,,,,,,
20251118,885640.TI,草甘膦,,,,,,
20251118,884300.TI,药店,,,,,,
20251118,885950.TI,虚拟数字人,,,,,,
20251118,885709.TI,虚拟现实,,,,,,
20251118,886004.TI,虚拟电厂,,,,,,
20251118,885749.TI,蚂蚁集团概念,,,,,,
20251118,883969.TI,融资盘高持仓,,,,,,
20251118,885338.TI,融资融券,,,,,,
20251118,886028.TI,血氧仪,,,,,,
20251118,884238.TI,血液制品,,,,,,
20251118,883917.TI,行业龙头,,,,,,
20251118,884093.TI,被动元件,,,,,,
20251118,885760.TI,装配式建筑,,,,,,
20251118,884065.TI,装饰园林,,,,,,
20251118,882030.TI,西藏,,,,,,
20251118,886086.TI,西部大开发,,,,,,
20251118,881130.TI,计算机设备,,,,,,
20251118,881157.TI,证券,,,,,,
20251118,399975.SZ,证券公司,,,,,,
20251118,885663.TI,证金持股,,,,,,
20251118,885772.TI,语音技术,,,,,,
20251118,884124.TI,调味发酵品,,,,,,
20251118,886080.TI,财税数字化,,,,,,
20251118,000048.SH,责任指数,,,,,,
20251118,882010.TI,贵州,,,,,,
20251118,881169.TI,贵金属,,,,,,
20251118,881159.TI,贸易,,,,,,
20251118,885792.TI,赛马概念,,,,,,
20251118,000043.SH,超大盘,,,,,,
20251118,886038.TI,超导概念,,,,,,
20251118,885761.TI,超级品牌,,,,,,
20251118,885886.TI,超级电容,,,,,,
20251118,885996.TI,超超临界发电,,,,,,
20251118,883975.TI,超跌股,,,,,,
20251118,885580.TI,足球概念,,,,,,
20251118,885966.TI,跨境支付(CIPS),,,,,,
20251118,885642.TI,跨境电商,,,,,,
20251118,885662.TI,车联网(车路协同),,,,,,
20251118,884289.TI,车身附件及饰件,,,,,,
20251118,881269.TI,轨交设备,,,,,,
20251118,885877.TI,转基因,,,,,,
20251118,884291.TI,轮胎轮毂,,,,,,
20251118,881272.TI,软件开发,,,,,,
20251118,884120.TI,软饮料,,,,,,
20251118,885909.TI,辅助生殖,,,,,,
20251118,884131.TI,辅料,,,,,,
20251118,884088.TI,输变电设备,,,,,,
20251118,882019.TI,辽宁,,,,,,
20251118,399237.SZ,运输指数,,,,,,
20251118,883919.TI,近期复牌,,,,,,
20251118,883959.TI,近期并购,,,,,,
20251118,883968.TI,近期异动,,,,,,
20251118,883409.TI,近期强势,,,,,,
20251118,883408.TI,近期新高,,,,,,
20251118,883920.TI,近期解禁,,,,,,
20251118,883907.TI,近端次新股,,,,,,
20251118,883974.TI,远端次新股,,,,,,
20251118,884304.TI,逆变器,,,,,,
20251118,884314.TI,通信工程及服务,,,,,,
20251118,884315.TI,通信应用增值服务,,,,,,
20251118,881162.TI,通信服务,,,,,,
20251118,884263.TI,通信线缆及配套,,,,,,
20251118,884264.TI,通信终端及配件,,,,,,
20251118,884262.TI,通信网络设备及器件,,,,,,
20251118,881129.TI,通信设备,,,,,,
20251118,881117.TI,通用设备,,,,,,
20251118,881137.TI,造纸,,,,,,
20251118,884167.TI,酒店,,,,,,
20251118,399232.SZ,采矿指数,,,,,,
20251118,882003.TI,重庆,,,,,,
20251118,885955.TI,重组蛋白,,,,,,
20251118,885730.TI,量子科技,,,,,,
20251118,884075.TI,金属制品,,,,,,
20251118,885972.TI,金属回收,,,,,,
20251118,881114.TI,金属新材料,,,,,,
20251118,885865.TI,金属钴,,,,,,
20251118,885971.TI,金属铅,,,,,,
20251118,885973.TI,金属铜,,,,,,
20251118,885970.TI,金属锌,,,,,,
20251118,885969.TI,金属镍,,,,,,
20251118,883431.TI,金融地产,,,,,,
20251118,399240.SZ,金融指数,,,,,,
20251118,399699.SZ,金融科技,,,,,,
20251118,886003.TI,钒电池,,,,,,
20251118,886006.TI,钙钛矿电池,,,,,,
20251118,884209.TI,钛白粉,,,,,,
20251118,885652.TI,钛白粉概念,,,,,,
20251118,885928.TI,钠离子电池,,,,,,
20251118,881112.TI,钢铁,,,,,,
20251118,884282.TI,钨,,,,,,
20251118,884284.TI,钴,,,,,,
20251118,884283.TI,钼,,,,,,
20251118,884031.TI,钾肥,,,,,,
20251118,884155.TI,铁路运输,,,,,,
20251118,884055.TI,铅锌,,,,,,
20251118,884054.TI,铜,,,,,,
20251118,886073.TI,铜缆高速连接,,,,,,
20251118,884053.TI,铝,,,,,,
20251118,000959.CSI,银河99,,,,,,
20251118,881155.TI,银行,,,,,,
20251118,884286.TI,锂,,,,,,
20251118,884311.TI,锂电专用设备,,,,,,
20251118,884309.TI,锂电池,,,,,,
20251118,885710.TI,锂电池概念,,,,,,
20251118,884285.TI,镍,,,,,,
20251118,885832.TI,长三角一体化,,,,,,
20251118,886061.TI,长安汽车概念,,,,,,
20251118,886056.TI,阿尔茨海默概念,,,,,,
20251118,885611.TI,阿里巴巴概念,,,,,,
20251118,882025.TI,陕西,,,,,,
20251118,885744.TI,雄安新区,,,,,,
20251118,886105.TI,雅下水电概念,,,,,,
20251118,884227.TI,集成电路制造,,,,,,
20251118,884228.TI,集成电路封测,,,,,,
20251118,881158.TI,零售,,,,,,
20251118,885990.TI,露营经济,,,,,,
20251118,882022.TI,青海,,,,,,
20251118,885852.TI,青蒿素,,,,,,
20251118,000064.SH,非周期,,,,,,
20251118,881167.TI,非金属材料,,,,,,
20251118,884094.TI,面板,,,,,,
20251118,884136.TI,鞋帽及其他,,,,,,
20251118,885372.TI,页岩气,,,,,,
20251118,885951.TI,预制菜,,,,,,
20251118,884297.TI,预加工食品,,,,,,
20251118,885641.TI,风电,,,,,,
20251118,884307.TI,风电整机,,,,,,
20251118,881280.TI,风电设备,,,,,,
20251118,884308.TI,风电零部件,,,,,,
20251118,886066.TI,飞行汽车(eVTOL),,,,,,
20251118,881134.TI,食品加工制造,,,,,,
20251118,884210.TI,食品及饲料添加剂,,,,,,
20251118,885406.TI,食品安全,,,,,,
20251118,884168.TI,餐饮,,,,,,
20251118,399238.SZ,餐饮指数,,,,,,
20251118,881133.TI,饮料制造,,,,,,
20251118,884141.TI,饰品,,,,,,
20251118,883441.TI,高ROE股,,,,,,
20251118,886001.TI,高压快充,,,,,,
20251118,886018.TI,高压氧舱,,,,,,
20251118,883976.TI,高商誉,,,,,,
20251118,883414.TI,高市净率,,,,,,
20251118,883412.TI,高市盈率,,,,,,
20251118,883439.TI,高应收账款股,,,,,,
20251118,883440.TI,高成长股,,,,,,
20251118,883970.TI,高毅持股(财报汇总),,,,,,
20251118,883937.TI,高比例质押,,,,,,
20251118,885427.TI,高端装备,,,,,,
20251118,886072.TI,高股息精选,,,,,,
20251118,883927.TI,高股息股,,,,,,
20251118,883926.TI,高贝塔值,,,,,,
20251118,883405.TI,高送转,,,,,,
20251118,884154.TI,高速公路,,,,,,
20251118,885562.TI,高铁,,,,,,
20251118,885923.TI,鸿蒙概念,,,,,,
20251118,885530.TI,黄金概念,,,,,,
20251118,881132.TI,黑色家电,,,,,,
20251118,882004.TI,黑龙江,,,,,,
20251118,885849.TI,黑龙江自贸区,,,,,,
20251118,883913.TI,龙虎榜指数,,,,,,
20251119,000029.SH,180价值,,,,,,
20251119,000028.SH,180成长,,,,,,
20251119,000021.SH,180治理,,,,,,
20251119,000018.SH,180金融,,,,,,
20251119,886106.TI,2025三季报预增,,,,,,
20251119,886104.TI,2025中报预增,,,,,,
20251119,000919.CSI,300价值,,,,,,
20251119,000915.CSI,300信息,,,,,,
20251119,000917.CSI,300公用,,,,,,
20251119,399913.SZ,300医药,,,,,,
20251119,000911.CSI,300可选,,,,,,
20251119,000910.CSI,300工业,,,,,,
20251119,000918.CSI,300成长,,,,,,
20251119,000909.CSI,300材料,,,,,,
20251119,000912.CSI,300消费,,,,,,
20251119,000908.CSI,300能源,,,,,,
20251119,000916.CSI,300通信,,,,,,
20251119,399914.SZ,300金融,,,,,,
20251119,000849.SH,300非银,,,,,,
20251119,885537.TI,3D打印,,,,,,
20251119,000858.SH,500信息,,,,,,
20251119,000857.SH,500医药,,,,,,
20251119,000854.SH,500原料,,,,,,
20251119,000856.SH,500工业,,,,,,
20251119,000802.SH,500沪市,,,,,,
20251119,000050.SH,50等权,,,,,,
20251119,885556.TI,5G,,,,,,
20251119,886037.TI,6G概念,,,,,,
20251119,399935.SZ,800信息,,,,,,
20251119,000937.CSI,800公用,,,,,,
20251119,399933.SZ,800医卫,,,,,,
20251119,000931.CSI,800可选,,,,,,
20251119,000930.CSI,800工业,,,,,,
20251119,000929.CSI,800材料,,,,,,
20251119,399932.SZ,800消费,,,,,,
20251119,399928.SZ,800能源,,,,,,
20251119,000936.CSI,800通信,,,,,,
20251119,399934.SZ,800金地,,,,,,
20251119,886071.TI,AI PC,,,,,,
20251119,886019.TI,AIGC概念,,,,,,
20251119,886070.TI,AI手机,,,,,,
20251119,886099.TI,AI智能体,,,,,,
20251119,886085.TI,AI眼镜,,,,,,
20251119,886074.TI,AI语料,,,,,,
20251119,000002.SH,A股指数,,,,,,
20251119,886053.TI,BC电池,,,,,,
20251119,000003.SH,B股指数,,,,,,
20251119,885888.TI,C2M概念,,,,,,
20251119,885927.TI,CRO概念,,,,,,
20251119,930701.CSI,CS京津冀,,,,,,
20251119,886031.TI,ChatGPT概念,,,,,,
20251119,885947.TI,DRG/DIP,,,,,,
20251119,886100.TI,DeepSeek概念,,,,,,
20251119,885943.TI,EDR概念,,,,,,
20251119,886039.TI,ERP概念,,,,,,
20251119,885861.TI,ETC,,,,,,
20251119,885998.TI,F5G概念,,,,,,
20251119,885878.TI,HJT电池,,,,,,
20251119,886095.TI,IP经济(谷子经济),,,,,,
20251119,399239.SZ,IT指数,,,,,,
20251119,881271.TI,IT服务,,,,,,
20251119,884095.TI,LED,,,,,,
20251119,885925.TI,MCU芯片,,,,,,
20251119,886040.TI,MLOps概念,,,,,,
20251119,886046.TI,MR(混合现实),,,,,,
20251119,704843.MSI,MSCI中国A股国际,,,,,,
20251119,885987.TI,MicroLED概念,,,,,,
20251119,885875.TI,MiniLED,,,,,,
20251119,885933.TI,NFT概念,,,,,,
20251119,885900.TI,NMN概念,,,,,,
20251119,885738.TI,OLED,,,,,,
20251119,885959.TI,PCB概念,,,,,,
20251119,886063.TI,PEEK材料,,,,,,
20251119,886020.TI,PET铜箔,,,,,,
20251119,885555.TI,PM2.5,,,,,,
20251119,886026.TI,POE胶膜,,,,,,
20251119,885690.TI,PPP概念,,,,,,
20251119,885931.TI,PVDF概念,,,,,,
20251119,883924.TI,QFII重仓,,,,,,
20251119,399017.SZ,SME创新,,,,,,
20251119,885699.TI,ST板块,,,,,,
20251119,886068.TI,Sora概念(文生视频),,,,,,
20251119,399610.SZ,TMT50,,,,,,
20251119,886007.TI,TOPCON电池,,,,,,
20251119,886017.TI,Web3.0,,,,,,
20251119,885940.TI,WiFi6,,,,,,
20251119,886000.TI,一体化压铸,,,,,,
20251119,883437.TI,一元股,,,,,,
20251119,885494.TI,一带一路,,,,,,
20251119,885540.TI,三胎概念,,,,,,
20251119,883984.TI,上市首五日,,,,,,
20251119,882027.TI,上海(除浦东),,,,,,
20251119,950096.CSI,上海国企,,,,,,
20251119,885493.TI,上海国企改革,,,,,,
20251119,950082.CSI,上海改革,,,,,,
20251119,885472.TI,上海自贸区,,,,,,
20251119,000132.SH,上证100,,,,,,
20251119,000133.SH,上证150,,,,,,
20251119,000010.SH,上证180,,,,,,
20251119,000009.SH,上证380,,,,,,
20251119,000016.SH,上证50,,,,,,
20251119,950580.SH,上证580,,,,,,
20251119,000094.SH,上证上游,,,,,,
20251119,000096.SH,上证下游,,,,,,
20251119,000046.SH,上证中小,,,,,,
20251119,000095.SH,上证中游,,,,,,
20251119,000044.SH,上证中盘,,,,,,
20251119,000047.SH,上证全指,,,,,,
20251119,000037.SH,上证医药,,,,,,
20251119,000063.SH,上证周期,,,,,,
20251119,000066.SH,上证商品,,,,,,
20251119,000056.SH,上证国企,,,,,,
20251119,000055.SH,上证地企,,,,,,
20251119,000042.SH,上证央企,,,,,,
20251119,000045.SH,上证小盘,,,,,,
20251119,000001.SH,上证指数,,,,,,
20251119,991001.TI,上证指数(旧),,,,,,
20251119,000888.SH,上证收益,,,,,,
20251119,000067.SH,上证新兴,,,,,,
20251119,000049.SH,上证民企,,,,,,
20251119,000062.SH,上证沪企,,,,,,
20251119,000090.SH,上证流通,,,,,,
20251119,000054.SH,上证海外,,,,,,
20251119,000036.SH,上证消费,,,,,,
20251119,000068.SH,上证资源,,,,,,
20251119,000038.SH,上证金融,,,,,,
20251119,000065.SH,上证龙头,,,,,,
20251119,884068.TI,专业工程,,,,,,
20251119,884257.TI,专业服务,,,,,,
20251119,884161.TI,专业连锁,,,,,,
20251119,881118.TI,专用设备,,,,,,
20251119,885929.TI,专精特新,,,,,,
20251119,885829.TI,丙烯酸,,,,,,
20251119,883936.TI,业绩扭亏,,,,,,
20251119,883935.TI,业绩预亏,,,,,,
20251119,885957.TI,东数西算(算力),,,,,,
20251119,885974.TI,两轮车,,,,,,
20251119,884271.TI,个护用品,,,,,,
20251119,885965.TI,中俄贸易概念,,,,,,
20251119,399422.SZ,中关村A,,,,,,
20251119,399612.SZ,中创100,,,,,,
20251119,399611.SZ,中创100R,,,,,,
20251119,399624.SZ,中创400,,,,,,
20251119,399625.SZ,中创500,,,,,,
20251119,886102.TI,中国AI 50,,,,,,
20251119,000020.SH,中型综指,,,,,,
20251119,885741.TI,中字头股票,,,,,,
20251119,399005.SZ,中小100,,,,,,
20251119,399333.SZ,中小100R,,,,,,
20251119,399008.SZ,中小300,,,,,,
20251119,399015.SZ,中小创新,,,,,,
20251119,399623.SZ,中小基础,,,,,,
20251119,399101.SZ,中小综指,,,,,,
20251119,885860.TI,中船系,,,,,,
20251119,885897.TI,中芯国际概念,,,,,,
20251119,881141.TI,中药,,,,,,
20251119,399852.SZ,中证1000,,,,,,
20251119,000904.CSI,中证200,,,,,,
20251119,399905.SZ,中证500,,,,,,
20251119,000907.CSI,中证700,,,,,,
20251119,000906.SH,中证800,,,,,,
20251119,399903.SZ,中证A100,,,,,,
20251119,930903.CSI,中证A股,,,,,,
20251119,000961.CSI,中证上游,,,,,,
20251119,399971.SZ,中证传媒,,,,,,
20251119,000985.CSI,中证全指,,,,,,
20251119,399967.SZ,中证军工,,,,,,
20251119,000902.CSI,中证流通,,,,,,
20251119,000827.SH,中证环保,,,,,,
20251119,000922.CSI,中证红利,,,,,,
20251119,000980.CSI,中证超大,,,,,,
20251119,399986.SZ,中证银行,,,,,,
20251119,885591.TI,中韩自贸区,,,,,,
20251119,885587.TI,举牌,,,,,,
20251119,399103.SZ,乐富指数,,,,,,
20251119,884099.TI,乘用车,,,,,,
20251119,885705.TI,乡村振兴,,,,,,
20251119,885462.TI,乳业,,,,,,
20251119,884125.TI,乳品,,,,,,
20251119,885881.TI,云办公,,,,,,
20251119,882032.TI,云南,,,,,,
20251119,885874.TI,云游戏,,,,,,
20251119,885362.TI,云计算,,,,,,
20251119,885767.TI,互联网保险,,,,,,
20251119,881177.TI,互联网电商,,,,,,
20251119,885456.TI,互联网金融,,,,,,
20251119,884203.TI,产业地产,,,,,,
20251119,885514.TI,京津冀一体化,,,,,,
20251119,884163.TI,人工景点,,,,,,
20251119,885728.TI,人工智能,,,,,,
20251119,886069.TI,人形机器人,,,,,,
20251119,885840.TI,人民币贬值受益,,,,,,
20251119,885759.TI,人脸识别,,,,,,
20251119,885839.TI,人造肉,,,,,,
20251119,885904.TI,代糖概念,,,,,,
20251119,884192.TI,仪器仪表,,,,,,
20251119,885856.TI,仿制药一致性评价,,,,,,
20251119,884233.TI,休闲食品,,,,,,
20251119,399698.SZ,优势成长,,,,,,
20251119,885946.TI,传感器,,,,,,
20251119,883960.TI,低价股,,,,,,
20251119,883415.TI,低市净率,,,,,,
20251119,883413.TI,低市盈率,,,,,,
20251119,886067.TI,低空经济,,,,,,
20251119,884202.TI,住宅开发,,,,,,
20251119,884243.TI,体外诊断,,,,,,
20251119,884258.TI,体育,,,,,,
20251119,885615.TI,体育产业,,,,,,
20251119,883403.TI,佛山,,,,,,
20251119,886016.TI,供销社,,,,,,
20251119,885964.TI,俄乌冲突概念,,,,,,
20251119,RTS.GI,俄罗斯RTS,,,,,,
20251119,881156.TI,保险,,,,,,
20251119,883934.TI,保险重仓,,,,,,
20251119,886013.TI,信创,,,,,,
20251119,885814.TI,信托概念,,,,,,
20251119,883923.TI,信托重仓,,,,,,
20251119,885921.TI,储能,,,,,,
20251119,881270.TI,元件,,,,,,
20251119,885934.TI,元宇宙,,,,,,
20251119,885461.TI,充电桩,,,,,,
20251119,883433.TI,先进制造,,,,,,
20251119,886009.TI,先进封装,,,,,,
20251119,884306.TI,光伏加工设备,,,,,,
20251119,885920.TI,光伏建筑一体化,,,,,,
20251119,885531.TI,光伏概念,,,,,,
20251119,884303.TI,光伏电池组件,,,,,,
20251119,881279.TI,光伏设备,,,,,,
20251119,884305.TI,光伏辅材,,,,,,
20251119,886054.TI,光刻机,,,,,,
20251119,885864.TI,光刻胶,,,,,,
20251119,884096.TI,光学元件,,,,,,
20251119,881122.TI,光学光电子,,,,,,
20251119,886011.TI,光热发电,,,,,,
20251119,886084.TI,光纤概念,,,,,,
20251119,885898.TI,免税店,,,,,,
20251119,000993.SH,全指信息,,,,,,
20251119,000991.SH,全指医药,,,,,,
20251119,000989.SH,全指可选,,,,,,
20251119,000988.CSI,全指工业,,,,,,
20251119,000987.SH,全指材料,,,,,,
20251119,000990.CSI,全指消费,,,,,,
20251119,000986.SH,全指能源,,,,,,
20251119,884200.TI,公交,,,,,,
20251119,399244.SZ,公共指数,,,,,,
20251119,000007.SH,公用指数,,,,,,
20251119,881149.TI,公路铁路运输,,,,,,
20251119,885747.TI,共享单车,,,,,,
20251119,885924.TI,共同富裕示范区,,,,,,
20251119,886033.TI,共封装光学(CPO),,,,,,
20251119,886101.TI,兵装重组概念,,,,,,
20251119,884082.TI,其他专用设备,,,,,,
20251119,884277.TI,其他养殖,,,,,,
20251119,884011.TI,其他农产品加工,,,,,,
20251119,884034.TI,其他化学制品,,,,,,
20251119,884025.TI,其他化学原料,,,,,,
20251119,884245.TI,其他医疗服务,,,,,,
20251119,884046.TI,其他塑料制品,,,,,,
20251119,884140.TI,其他家居用品,,,,,,
20251119,884186.TI,其他小金属,,,,,,
20251119,884062.TI,其他建材,,,,,,
20251119,884050.TI,其他橡胶制品,,,,,,
20251119,884292.TI,其他汽车零部件,,,,,,
20251119,884240.TI,其他生物制品,,,,,,
20251119,881123.TI,其他电子,,,,,,
20251119,884312.TI,其他电池,,,,,,
20251119,881282.TI,其他电源设备,,,,,,
20251119,881179.TI,其他社会服务,,,,,,
20251119,884003.TI,其他种植业,,,,,,
20251119,884044.TI,其他纤维,,,,,,
20251119,884132.TI,其他纺织,,,,,,
20251119,884221.TI,其他自动化设备,,,,,,
20251119,884207.TI,其他计算机设备,,,,,,
20251119,884106.TI,其他运输设备,,,,,,
20251119,884265.TI,其他通信设备,,,,,,
20251119,884074.TI,其他通用设备,,,,,,
20251119,884119.TI,其他酒类,,,,,,
20251119,884056.TI,其他金属新材料,,,,,,
20251119,884126.TI,其他食品,,,,,,
20251119,884118.TI,其他黑色家电,,,,,,
20251119,881102.TI,养殖业,,,,,,
20251119,885522.TI,养老概念,,,,,,
20251119,883442.TI,养老金持股,,,,,,
20251119,885808.TI,养鸡,,,,,,
20251119,882020.TI,内蒙古,,,,,,
20251119,885700.TI,军工,,,,,,
20251119,886076.TI,军工信息化,,,,,,
20251119,881276.TI,军工电子,,,,,,
20251119,881166.TI,军工装备,,,,,,
20251119,885743.TI,军民融合,,,,,,
20251119,885812.TI,农业种植,,,,,,
20251119,884012.TI,农业综合,,,,,,
20251119,881103.TI,农产品加工,,,,,,
20251119,881263.TI,农化制品,,,,,,
20251119,884252.TI,农商行,,,,,,
20251119,885706.TI,农机,,,,,,
20251119,885629.TI,农村电商,,,,,,
20251119,399231.SZ,农林指数,,,,,,
20251119,884078.TI,农用机械,,,,,,
20251119,884028.TI,农药,,,,,,
20251119,884112.TI,冰洗,,,,,,
20251119,885825.TI,冰雪产业,,,,,,
20251119,884214.TI,冶钢原料,,,,,,
20251119,885502.TI,冷链物流,,,,,,
20251119,885961.TI,净水概念,,,,,,
20251119,883420.TI,减持新规(不可减持),,,,,,
20251119,883921.TI,减持计划,,,,,,
20251119,886051.TI,减肥药,,,,,,
20251119,886008.TI,减速器,,,,,,
20251119,884176.TI,出版,,,,,,
20251119,399354.SZ,分析师指,,,,,,
20251119,884090.TI,分立器件,,,,,,
20251119,399019.SZ,创业200,,,,,,
20251119,399012.SZ,创业300,,,,,,
20251119,399018.SZ,创业创新,,,,,,
20251119,399640.SZ,创业基础,,,,,,
20251119,399020.SZ,创业小盘,,,,,,
20251119,399673.SZ,创业板50,,,,,,
20251119,399606.SZ,创业板R,,,,,,
20251119,470006.SZ,创业板R(港币)(CNH),,,,,,
20251119,470007.SZ,创业板R(美元)(CNH),,,,,,
20251119,399006.SZ,创业板指,,,,,,
20251119,970006.SZ,创业板指(港币)(CNH),,,,,,
20251119,970007.SZ,创业板指(美元)(CNH),,,,,,
20251119,399102.SZ,创业板综,,,,,,
20251119,883424.TI,创业科创板昨日涨停,,,,,,
20251119,883911.TI,创历史新高,,,,,,
20251119,885413.TI,创投,,,,,,
20251119,399050.SZ,创新引擎,,,,,,
20251119,886015.TI,创新药,,,,,,
20251119,399269.SZ,创质量,,,,,,
20251119,884073.TI,制冷空调设备,,,,,,
20251119,399233.SZ,制造指数,,,,,,
20251119,883928.TI,券商重仓,,,,,,
20251119,885944.TI,动力电池回收,,,,,,
20251119,884013.TI,动物保健,,,,,,
20251119,885846.TI,动物疫苗,,,,,,
20251119,884236.TI,包装,,,,,,
20251119,881138.TI,包装印刷,,,,,,
20251119,885740.TI,化债概念(AMC概念),,,,,,
20251119,884272.TI,化妆品,,,,,,
20251119,884144.TI,化学制剂,,,,,,
20251119,881109.TI,化学制品,,,,,,
20251119,881140.TI,化学制药,,,,,,
20251119,881108.TI,化学原料,,,,,,
20251119,881264.TI,化学纤维,,,,,,
20251119,885967.TI,化肥,,,,,,
20251119,882002.TI,北京,,,,,,
20251119,931023.CSI,北京50,,,,,,
20251119,899050.BJ,北证50,,,,,,
20251119,885757.TI,区块链,,,,,,
20251119,399286.SZ,区块链50,,,,,,
20251119,881144.TI,医疗器械,,,,,,
20251119,885539.TI,医疗器械概念,,,,,,
20251119,885883.TI,医疗废物处理,,,,,,
20251119,881175.TI,医疗服务,,,,,,
20251119,884244.TI,医疗研发外包,,,,,,
20251119,884273.TI,医疗美容,,,,,,
20251119,884242.TI,医疗耗材,,,,,,
20251119,884145.TI,医疗设备,,,,,,
20251119,885913.TI,医美概念,,,,,,
20251119,883435.TI,医药医疗,,,,,,
20251119,881143.TI,医药商业,,,,,,
20251119,884199.TI,医药流通,,,,,,
20251119,885661.TI,医药电商,,,,,,
20251119,884301.TI,医院,,,,,,
20251119,881121.TI,半导体,,,,,,
20251119,884091.TI,半导体材料,,,,,,
20251119,884229.TI,半导体设备,,,,,,
20251119,886091.TI,华为手机,,,,,,
20251119,886093.TI,华为数字能源,,,,,,
20251119,886058.TI,华为昇腾,,,,,,
20251119,885806.TI,华为概念,,,,,,
20251119,885982.TI,华为欧拉,,,,,,
20251119,885834.TI,华为汽车,,,,,,
20251119,885843.TI,华为海思概念股,,,,,,
20251119,886094.TI,华为盘古,,,,,,
20251119,885980.TI,华为鲲鹏,,,,,,
20251119,885574.TI,卫星导航,,,,,,
20251119,884092.TI,印制电路板,,,,,,
20251119,884235.TI,印刷,,,,,,
20251119,884081.TI,印刷包装机械,,,,,,
20251119,884130.TI,印染,,,,,,
20251119,884143.TI,原料药,,,,,,
20251119,881174.TI,厨卫电器,,,,,,
20251119,885623.TI,参股保险,,,,,,
20251119,885620.TI,参股券商,,,,,,
20251119,885835.TI,参股银行,,,,,,
20251119,886065.TI,可控核聚变,,,,,,
20251119,885748.TI,可燃冰,,,,,,
20251119,883981.TI,可转债指数,,,,,,
20251119,885901.TI,可降解塑料,,,,,,
20251119,884212.TI,合成树脂,,,,,,
20251119,886077.TI,合成生物,,,,,,
20251119,882016.TI,吉林,,,,,,
20251119,886045.TI,同花顺中特估100,,,,,,
20251119,883421.TI,同花顺全A(沪深),,,,,,
20251119,883957.TI,同花顺全A(沪深京),1742665300000.0,,,-203294000000.0,3688624600000.0,
20251119,886075.TI,同花顺出海50,,,,,,
20251119,883404.TI,同花顺情绪指数,,,,,,
20251119,883426.TI,同花顺拟回购指数,,,,,,
20251119,886096.TI,同花顺新质50,,,,,,
20251119,886082.TI,同花顺果指数,,,,,,
20251119,885916.TI,同花顺漂亮100,,,,,,
20251119,883910.TI,同花顺热股,,,,,,
20251119,883980.TI,含可转债,,,,,,
20251119,883436.TI,周期,,,,,,
20251119,884230.TI,品牌消费电子,,,,,,
20251119,884247.TI,商业地产,,,,,,
20251119,000005.SH,商业指数,,,,,,
20251119,884162.TI,商业物业经营,,,,,,
20251119,886078.TI,商业航天,,,,,,
20251119,399242.SZ,商务指数,,,,,,
20251119,884101.TI,商用载客车,,,,,,
20251119,884100.TI,商用载货车,,,,,,
20251119,884189.TI,啤酒,,,,,,
20251119,885780.TI,啤酒概念,,,,,,
20251119,882028.TI,四川,,,,,,
20251119,886089.TI,回购增持再贷款概念,,,,,,
20251119,883929.TI,回购计划,,,,,,
20251119,885410.TI,固废处理,,,,,,
20251119,884269.TI,固废治理,,,,,,
20251119,886032.TI,固态电池,,,,,,
20251119,885844.TI,国产操作系统,,,,,,
20251119,885795.TI,国产航母,,,,,,
20251119,886021.TI,国企改革,,,,,,
20251119,931052.CSI,国信价值,,,,,,
20251119,885893.TI,国家大基金持股,,,,,,
20251119,884249.TI,国有大型银行,,,,,,
20251119,399311.SZ,国证1000,,,,,,
20251119,399303.SZ,国证2000,,,,,,
20251119,399312.SZ,国证300,,,,,,
20251119,399310.SZ,国证A50,,,,,,
20251119,399317.SZ,国证A指,,,,,,
20251119,399318.SZ,国证B指,,,,,,
20251119,399358.SZ,国证环保,,,,,,
20251119,885977.TI,国资云,,,,,,
20251119,885439.TI,土地流转,,,,,,
20251119,885962.TI,土壤修复,,,,,,
20251119,885480.TI,在线教育,,,,,,
20251119,885692.TI,地下管网,,,,,,
20251119,399241.SZ,地产指数,,,,,,
20251119,884182.TI,地面兵装,,,,,,
20251119,884295.TI,垂直应用软件,,,,,,
20251119,885854.TI,垃圾分类,,,,,,
20251119,884251.TI,城商行,,,,,,
20251119,885937.TI,培育钻石,,,,,,
20251119,885578.TI,基因测序,,,,,,
20251119,399995.SZ,基建工程,,,,,,
20251119,000925.CSI,基本面50,,,,,,
20251119,884067.TI,基础建设,,,,,,
20251119,883406.TI,基金重仓股,,,,,,
20251119,881265.TI,塑料制品,,,,,,
20251119,883904.TI,增发募集指数,,,,,,
20251119,883903.TI,增发预案指数,,,,,,
20251119,883915.TI,增持计划,,,,,,
20251119,884035.TI,复合肥,,,,,,
20251119,881283.TI,多元金融,,,,,,
20251119,886062.TI,多模态AI,,,,,,
20251119,884267.TI,大气治理,,,,,,
20251119,883417.TI,大盘股,,,,,,
20251119,885810.TI,大豆,,,,,,
20251119,885566.TI,大飞机,,,,,,
20251119,882029.TI,天津,,,,,,
20251119,885487.TI,天津自贸区,,,,,,
20251119,885430.TI,天然气,,,,,,
20251119,886043.TI,太赫兹,,,,,,
20251119,885595.TI,央企国企改革,,,,,,
20251119,399550.SZ,央视50,,,,,,
20251119,399551.SZ,央视创新,,,,,,
20251119,399553.SZ,央视回报,,,,,,
20251119,399552.SZ,央视成长,,,,,,
20251119,399557.SZ,央视文化,,,,,,
20251119,399554.SZ,央视治理,,,,,,
20251119,399556.SZ,央视生态,,,,,,
20251119,399555.SZ,央视责任,,,,,,
20251119,886042.TI,存储芯片,,,,,,
20251119,882021.TI,宁夏,,,,,,
20251119,885789.TI,宁德时代概念,,,,,,
20251119,882001.TI,安徽,,,,,,
20251119,885423.TI,安防,,,,,,
20251119,884294.TI,安防设备,,,,,,
20251119,884299.TI,定制家居,,,,,,
20251119,883964.TI,定增破发,,,,,,
20251119,886012.TI,宠物经济,,,,,,
20251119,884280.TI,宠物食品,,,,,,
20251119,881139.TI,家居用品,,,,,,
20251119,885981.TI,家庭医生,,,,,,
20251119,885543.TI,家用电器,,,,,,
20251119,884116.TI,家电零部件,,,,,,
20251119,884137.TI,家纺,,,,,,
20251119,883411.TI,密集调研,,,,,,
20251119,885786.TI,富士康概念,,,,,,
20251119,881173.TI,小家电,,,,,,
20251119,399901.SZ,小康指数,,,,,,
20251119,885785.TI,小米概念,,,,,,
20251119,886064.TI,小米汽车,,,,,,
20251119,886098.TI,小红书概念,,,,,,
20251119,881170.TI,小金属,,,,,,
20251119,885552.TI,小金属概念,,,,,,
20251119,882023.TI,山东,,,,,,
20251119,882024.TI,山西,,,,,,
20251119,885783.TI,工业互联网,,,,,,
20251119,885818.TI,工业大麻,,,,,,
20251119,000004.SH,工业指数,,,,,,
20251119,885930.TI,工业母机,,,,,,
20251119,881168.TI,工业金属,,,,,,
20251119,884219.TI,工控设备,,,,,,
20251119,884217.TI,工程咨询服务,,,,,,
20251119,881268.TI,工程机械,,,,,,
20251119,399313.SZ,巨潮100,,,,,,
20251119,399315.SZ,巨潮中盘,,,,,,
20251119,399314.SZ,巨潮大盘,,,,,,
20251119,399316.SZ,巨潮小盘,,,,,,
20251119,000155.SH,市值百强,,,,,,
20251119,885952.TI,幽门螺杆菌概念,,,,,,
20251119,882008.TI,广东(除深圳),,,,,,
20251119,885734.TI,广东自贸区,,,,,,
20251119,884178.TI,广告营销,,,,,,
20251119,882009.TI,广西,,,,,,
20251119,884290.TI,底盘与发动机系统,,,,,,
20251119,399235.SZ,建筑指数,,,,,,
20251119,881115.TI,建筑材料,,,,,,
20251119,885386.TI,建筑节能,,,,,,
20251119,881116.TI,建筑装饰,,,,,,
20251119,884117.TI,彩电,,,,,,
20251119,881274.TI,影视院线,,,,,,
20251119,883418.TI,微盘股,,,,,,
20251119,GDAXI.GI,德国DAX,,,,,,
20251119,885918.TI,快手概念,,,,,,
20251119,HSCE.HK,恒生中国企业,,,,,,
20251119,HSI.HK,恒生指数,,,,,,
20251119,399003.SZ,成份B指,,,,,,
20251119,884298.TI,成品家居,,,,,,
20251119,399326.SZ,成长40,,,,,,
20251119,886030.TI,成飞概念,,,,,,
20251119,881153.TI,房地产,,,,,,
20251119,884248.TI,房地产服务,,,,,,
20251119,884066.TI,房屋建设,,,,,,
20251119,886087.TI,房屋检测,,,,,,
20251119,885457.TI,手机游戏,,,,,,
20251119,885968.TI,托育服务,,,,,,
20251119,399236.SZ,批零指数,,,,,,
20251119,885890.TI,抖音概念(字节概念),,,,,,
20251119,885935.TI,抽水蓄能,,,,,,
20251119,885910.TI,拼多多概念,,,,,,
20251119,885938.TI,换电概念,,,,,,
20251119,885742.TI,摘帽,,,,,,
20251119,884048.TI,改性塑料,,,,,,
20251119,881178.TI,教育,,,,,,
20251119,885842.TI,数字乡村,,,,,,
20251119,884261.TI,数字媒体,,,,,,
20251119,885820.TI,数字孪生,,,,,,
20251119,886034.TI,数字水印,,,,,,
20251119,885976.TI,数字经济,,,,,,
20251119,884287.TI,数字芯片设计,,,,,,
20251119,885866.TI,数字货币,,,,,,
20251119,885887.TI,数据中心,,,,,,
20251119,885942.TI,数据安全,,,,,,
20251119,886023.TI,数据确权,,,,,,
20251119,886041.TI,数据要素,,,,,,
20251119,881164.TI,文化传媒,,,,,,
20251119,885418.TI,文化传媒概念,,,,,,
20251119,399248.SZ,文化指数,,,,,,
20251119,884142.TI,文娱用品,,,,,,
20251119,000171.CSI,新兴成指,,,,,,
20251119,000891.SH,新兴综指,,,,,,
20251119,885991.TI,新型城镇化,,,,,,
20251119,886057.TI,新型工业化,,,,,,
20251119,885899.TI,新型烟草(电子烟),,,,,,
20251119,399100.SZ,新指数,,,,,,
20251119,399297.SZ,新浪100,,,,,,
20251119,882031.TI,新疆,,,,,,
20251119,885345.TI,新疆振兴,,,,,,
20251119,000017.SH,新综指,,,,,,
20251119,885598.TI,新股与次新股,,,,,,
20251119,884150.TI,新能源发电,,,,,,
20251119,885431.TI,新能源汽车,,,,,,
20251119,881160.TI,旅游及酒店,,,,,,
20251119,885497.TI,旅游概念,,,,,,
20251119,884165.TI,旅游综合,,,,,,
20251119,884254.TI,旅游零售,,,,,,
20251119,885564.TI,无人机,,,,,,
20251119,885768.TI,无人零售,,,,,,
20251119,885736.TI,无人驾驶,,,,,,
20251119,884024.TI,无机盐,,,,,,
20251119,885774.TI,无线充电,,,,,,
20251119,885868.TI,无线耳机,,,,,,
20251119,886036.TI,时空大数据,,,,,,
20251119,886055.TI,星闪概念,,,,,,
20251119,883401.TI,昨日ST连板股表现,,,,,,
20251119,883400.TI,昨日ST首板股表现,,,,,,
20251119,883902.TI,昨日成交前十,,,,,,
20251119,883996.TI,昨日打二板以上表现,,,,,,
20251119,883978.TI,昨日打板表现,,,,,,
20251119,883995.TI,昨日打首板以上表现,,,,,,
20251119,883994.TI,昨日打首板表现,,,,,,
20251119,883905.TI,昨日换手前十,,,,,,
20251119,883900.TI,昨日涨停表现,,,,,,
20251119,883918.TI,昨日炸板股,,,,,,
20251119,883901.TI,昨日资金前十,,,,,,
20251119,883958.TI,昨日连板,,,,,,
20251119,883999.TI,昨日非ST三板以上表现,,,,,,
20251119,883998.TI,昨日非ST三板表现,,,,,,
20251119,883997.TI,昨日非ST二板表现,,,,,,
20251119,883992.TI,昨日非ST打板,,,,,,
20251119,883986.TI,昨日非ST涨停表现,,,,,,
20251119,883987.TI,昨日非ST炸板,,,,,,
20251119,883988.TI,昨日非ST连板,,,,,,
20251119,883993.TI,昨日非ST首板,,,,,,
20251119,883979.TI,昨日首板表现,,,,,,
20251119,883906.TI,昨日高振幅,,,,,,
20251119,884052.TI,普钢,,,,,,
20251119,885378.TI,智慧城市,,,,,,
20251119,885956.TI,智慧政务,,,,,,
20251119,885963.TI,智慧灯杆,,,,,,
20251119,885402.TI,智能医疗,,,,,,
20251119,885478.TI,智能家居,,,,,,
20251119,886059.TI,智能座舱,,,,,,
20251119,885770.TI,智能物流,,,,,,
20251119,885311.TI,智能电网,,,,,,
20251119,885454.TI,智能穿戴,,,,,,
20251119,885771.TI,智能音箱,,,,,,
20251119,886090.TI,智谱AI,,,,,,
20251119,883410.TI,最近多板,,,,,,
20251119,884211.TI,有机硅,,,,,,
20251119,885912.TI,有机硅概念,,,,,,
20251119,000819.SH,有色金属,,,,,,
20251119,884234.TI,服装,,,,,,
20251119,881136.TI,服装家纺,,,,,,
20251119,885570.TI,期货概念,,,,,,
20251119,884218.TI,机器人,,,,,,
20251119,885517.TI,机器人概念,,,,,,
20251119,886002.TI,机器视觉,,,,,,
20251119,884156.TI,机场,,,,,,
20251119,881151.TI,机场航运,,,,,,
20251119,884069.TI,机床工具,,,,,,
20251119,883967.TI,机构周调研前十,,,,,,
20251119,883966.TI,机构月调研前十,,,,,,
20251119,883990.TI,机构重仓股,,,,,,
20251119,884004.TI,林业,,,,,,
20251119,884009.TI,果蔬加工,,,,,,
20251119,885633.TI,染料,,,,,,
20251119,885809.TI,柔性屏(折叠屏),,,,,,
20251119,885948.TI,柔性直流输电,,,,,,
20251119,HKSPGEM.HK,标普香港创业板指数,,,,,,
20251119,886052.TI,核污染防治,,,,,,
20251119,885571.TI,核电,,,,,,
20251119,884128.TI,棉纺,,,,,,
20251119,884083.TI,楼宇设备,,,,,,
20251119,884288.TI,模拟芯片设计,,,,,,
20251119,884296.TI,横向通用软件,,,,,,
20251119,885827.TI,横琴新区,,,,,,
20251119,881266.TI,橡胶制品,,,,,,
20251119,885997.TI,比亚迪概念,,,,,,
20251119,885985.TI,毛发医疗,,,,,,
20251119,886035.TI,毫米波雷达,,,,,,
20251119,885960.TI,民爆概念,,,,,,
20251119,884032.TI,民爆用品,,,,,,
20251119,885490.TI,民营医院,,,,,,
20251119,884036.TI,氟化工,,,,,,
20251119,885551.TI,氟化工概念,,,,,,
20251119,885823.TI,氢能源,,,,,,
20251119,884045.TI,氨纶,,,,,,
20251119,884026.TI,氮肥,,,,,,
20251119,884023.TI,氯碱,,,,,,
20251119,884006.TI,水产养殖,,,,,,
20251119,884279.TI,水产饲料,,,,,,
20251119,885572.TI,水利,,,,,,
20251119,884268.TI,水务及水治理,,,,,,
20251119,884060.TI,水泥,,,,,,
20251119,885782.TI,水泥概念,,,,,,
20251119,884147.TI,水电,,,,,,
20251119,399234.SZ,水电指数,,,,,,
20251119,882017.TI,江苏,,,,,,
20251119,882018.TI,江西,,,,,,
20251119,885412.TI,污水处理,,,,,,
20251119,885902.TI,汽车拆解概念,,,,,,
20251119,881125.TI,汽车整车,,,,,,
20251119,884107.TI,汽车服务,,,,,,
20251119,881128.TI,汽车服务及其他,,,,,,
20251119,885999.TI,汽车热管理,,,,,,
20251119,885545.TI,汽车电子,,,,,,
20251119,884293.TI,汽车电子电气系统,,,,,,
20251119,885945.TI,汽车芯片,,,,,,
20251119,881126.TI,汽车零部件,,,,,,
20251119,000061.SH,沪企债30,,,,,,
20251119,399300.SZ,沪深300,,,,,,
20251119,883423.TI,沪深主板昨日涨停,,,,,,
20251119,885520.TI,沪股通,,,,,,
20251119,883908.TI,沪股通成交前十,,,,,,
20251119,882012.TI,河北,,,,,,
20251119,882013.TI,河南,,,,,,
20251119,884021.TI,油品石化贸易,,,,,,
20251119,884018.TI,油服工程,,,,,,
20251119,884016.TI,油气开采,,,,,,
20251119,881107.TI,油气开采及服务,,,,,,
20251119,885905.TI,注册制次新股,,,,,,
20251119,885879.TI,流感,,,,,,
20251119,882033.TI,浙江,,,,,,
20251119,882026.TI,浦东,,,,,,
20251119,882011.TI,海南,,,,,,
20251119,885894.TI,海南自贸区,,,,,,
20251119,885939.TI,海峡两岸,,,,,,
20251119,885426.TI,海工装备,,,,,,
20251119,884005.TI,海洋捕捞,,,,,,
20251119,884030.TI,涂料油墨,,,,,,
20251119,885882.TI,消毒剂,,,,,,
20251119,883434.TI,消费,,,,,,
20251119,000069.SH,消费80,,,,,,
20251119,881124.TI,消费电子,,,,,,
20251119,885800.TI,消费电子概念,,,,,,
20251119,884098.TI,消费电子零部件及组装,,,,,,
20251119,884041.TI,涤纶,,,,,,
20251119,886044.TI,液冷服务器,,,,,,
20251119,399750.SZ,深主板50,,,,,,
20251119,882007.TI,深圳,,,,,,
20251119,885697.TI,深圳国企改革,,,,,,
20251119,883985.TI,深市新主板,,,,,,
20251119,399013.SZ,深市精选,,,,,,
20251119,399002.SZ,深成指R,,,,,,
20251119,399672.SZ,深红利50,,,,,,
20251119,885694.TI,深股通,,,,,,
20251119,883912.TI,深股通成交前十,,,,,,
20251119,399330.SZ,深证100,,,,,,
20251119,399011.SZ,深证1000,,,,,,
20251119,399004.SZ,深证100R,,,,,,
20251119,399009.SZ,深证200,,,,,,
20251119,399679.SZ,深证200R,,,,,,
20251119,399007.SZ,深证300,,,,,,
20251119,399344.SZ,深证300R,,,,,,
20251119,399850.SZ,深证50,,,,,,
20251119,399010.SZ,深证700,,,,,,
20251119,399107.SZ,深证A指,,,,,,
20251119,399108.SZ,深证B指,,,,,,
20251119,399306.SZ,深证ETF,,,,,,
20251119,399702.SZ,深证F120,,,,,,
20251119,399703.SZ,深证F200,,,,,,
20251119,399701.SZ,深证F60,,,,,,
20251119,399348.SZ,深证价值,,,,,,
20251119,399016.SZ,深证创新,,,,,,
20251119,399001.SZ,深证成指,,,,,,
20251119,399337.SZ,深证民营,,,,,,
20251119,399106.SZ,深证综指,,,,,,
20251119,884153.TI,港口,,,,,,
20251119,881148.TI,港口航运,,,,,,
20251119,881275.TI,游戏,,,,,,
20251119,882014.TI,湖北,,,,,,
20251119,882015.TI,湖南,,,,,,
20251119,884220.TI,激光设备,,,,,,
20251119,884146.TI,火电,,,,,,
20251119,884051.TI,炭黑,,,,,,
20251119,885851.TI,烟草,,,,,,
20251119,884149.TI,热力,,,,,,
20251119,884015.TI,焦炭加工,,,,,,
20251119,884281.TI,煤化工,,,,,,
20251119,885398.TI,煤化工概念,,,,,,
20251119,884014.TI,煤炭开采,,,,,,
20251119,881105.TI,煤炭开采加工,,,,,,
20251119,885914.TI,煤炭概念,,,,,,
20251119,885775.TI,燃料电池,,,,,,
20251119,881146.TI,燃气,,,,,,
20251119,885926.TI,牙科医疗,,,,,,
20251119,885915.TI,物业管理,,,,,,
20251119,881152.TI,物流,,,,,,
20251119,885312.TI,物联网,,,,,,
20251119,885467.TI,特斯拉概念,,,,,,
20251119,885750.TI,特色小镇,,,,,,
20251119,884184.TI,特钢,,,,,,
20251119,885428.TI,特钢概念,,,,,,
20251119,885425.TI,特高压,,,,,,
20251119,885787.TI,独角兽概念,,,,,,
20251119,885573.TI,猪肉,,,,,,
20251119,885994.TI,猴痘概念,,,,,,
20251119,885811.TI,玉米,,,,,,
20251119,881284.TI,环保设备,,,,,,
20251119,881181.TI,环境治理,,,,,,
20251119,885903.TI,环氧丙烷,,,,,,
20251119,884059.TI,玻璃玻纤,,,,,,
20251119,883419.TI,珠海,,,,,,
20251119,884237.TI,瓷砖地板,,,,,,
20251119,882006.TI,甘肃,,,,,,
20251119,885505.TI,生态农业,,,,,,
20251119,881142.TI,生物制品,,,,,,
20251119,885845.TI,生物疫苗,,,,,,
20251119,886005.TI,生物质能发电,,,,,,
20251119,884275.TI,生猪养殖,,,,,,
20251119,884313.TI,电信运营商,,,,,,
20251119,881145.TI,电力,,,,,,
20251119,885819.TI,电力物联网,,,,,,
20251119,881172.TI,电子化学品,,,,,,
20251119,885737.TI,电子竞技,,,,,,
20251119,885953.TI,电子纸,,,,,,
20251119,885975.TI,电子身份证,,,,,,
20251119,881277.TI,电机,,,,,,
20251119,884086.TI,电气自控设备,,,,,,
20251119,881281.TI,电池,,,,,,
20251119,884310.TI,电池化学品,,,,,,
20251119,881278.TI,电网设备,,,,,,
20251119,884246.TI,电能综合服务,,,,,,
20251119,884172.TI,电视广播,,,,,,
20251119,884278.TI,畜禽饲料,,,,,,
20251119,884239.TI,疫苗,,,,,,
20251119,881131.TI,白色家电,,,,,,
20251119,881273.TI,白酒,,,,,,
20251119,885525.TI,白酒概念,,,,,,
20251119,883916.TI,百元股,,,,,,
20251119,885797.TI,百度概念,,,,,,
20251119,883416.TI,百日新高,,,,,,
20251119,884160.TI,百货零售,,,,,,
20251119,885922.TI,盐湖提锂,,,,,,
20251119,885838.TI,眼科医疗,,,,,,
20251119,885791.TI,知识产权保护,,,,,,
20251119,886060.TI,短剧游戏,,,,,,
20251119,885355.TI,石墨烯,,,,,,
20251119,885781.TI,石墨电极,,,,,,
20251119,884020.TI,石油加工,,,,,,
20251119,881180.TI,石油加工贸易,,,,,,
20251119,883930.TI,破净股,,,,,,
20251119,883965.TI,破发次新股,,,,,,
20251119,884302.TI,硅料硅片,,,,,,
20251119,885958.TI,硅能源,,,,,,
20251119,885919.TI,碳中和,,,,,,
20251119,885986.TI,碳交易,,,,,,
20251119,885650.TI,碳纤维,,,,,,
20251119,884057.TI,磁性材料,,,,,,
20251119,884071.TI,磨具磨料,,,,,,
20251119,885863.TI,磷化工,,,,,,
20251119,884027.TI,磷肥及磷化工,,,,,,
20251119,883407.TI,社保新进,,,,,,
20251119,883922.TI,社保重仓,,,,,,
20251119,882005.TI,福建,,,,,,
20251119,885617.TI,福建自贸区,,,,,,
20251119,885508.TI,禽流感,,,,,,
20251119,884001.TI,种子生产,,,,,,
20251119,881101.TI,种植业与林业,,,,,,
20251119,000698.SH,科创100,,,,,,
20251119,000699.SH,科创200,,,,,,
20251119,000688.SH,科创50,,,,,,
20251119,N00688.CSI,科创50(净),,,,,,
20251119,000681.SH,科创价格,,,,,,
20251119,885907.TI,科创次新股,,,,,,
20251119,000680.SH,科创综指,,,,,,
20251119,883432.TI,科技(TMT),,,,,,
20251119,H30318.CSI,科技传媒通信150,,,,,,
20251119,399243.SZ,科研指数,,,,,,
20251119,885758.TI,租售同权,,,,,,
20251119,885333.TI,移动支付,,,,,,
20251119,884215.TI,稀土,,,,,,
20251119,885343.TI,稀土永磁,,,,,,
20251119,886010.TI,空气能热泵,,,,,,
20251119,884113.TI,空调,,,,,,
20251119,886049.TI,空间计算,,,,,,
20251119,885908.TI,第三代半导体,,,,,,
20251119,000971.CSI,等权90,,,,,,
20251119,886050.TI,算力租赁,,,,,,
20251119,884064.TI,管材,,,,,,
20251119,884043.TI,粘胶,,,,,,
20251119,885521.TI,粤港澳大湾区,,,,,,
20251119,884010.TI,粮油加工,,,,,,
20251119,885995.TI,粮食概念,,,,,,
20251119,884002.TI,粮食种植,,,,,,
20251119,000015.SH,红利指数,,,,,,
20251119,883438.TI,红利破净股,,,,,,
20251119,884022.TI,纯碱,,,,,,
20251119,IXIC.GI,纳斯达克综指,,,,,,
20251119,881135.TI,纺织制造,,,,,,
20251119,884033.TI,纺织化学用品,,,,,,
20251119,884076.TI,纺织服装设备,,,,,,
20251119,884089.TI,线缆部件及其他,,,,,,
20251119,000814.SH,细分医药,,,,,,
20251119,885769.TI,细胞免疫治疗,,,,,,
20251119,000860.CSI,结构调整,,,,,,
20251119,885988.TI,统一大市场,,,,,,
20251119,886081.TI,维生素,,,,,,
20251119,399249.SZ,综企指数,,,,,,
20251119,881165.TI,综合,,,,,,
20251119,000008.SH,综合指数,,,,,,
20251119,884270.TI,综合环境治理,,,,,,
20251119,885936.TI,绿色电力,,,,,,
20251119,885876.TI,网红经济,,,,,,
20251119,885753.TI,网约车,,,,,,
20251119,885459.TI,网络安全,,,,,,
20251119,885603.TI,网络游戏,,,,,,
20251119,881182.TI,美容护理,,,,,,
20251119,884063.TI,耐火材料,,,,,,
20251119,885586.TI,职业教育,,,,,,
20251119,884039.TI,聚氨酯,,,,,,
20251119,884123.TI,肉制品,,,,,,
20251119,884276.TI,肉鸡养殖,,,,,,
20251119,885989.TI,肝炎概念,,,,,,
20251119,883925.TI,股东户数减少,,,,,,
20251119,883933.TI,股东户数增加,,,,,,
20251119,884250.TI,股份制银行,,,,,,
20251119,883938.TI,股性不活跃,,,,,,
20251119,883932.TI,股权分散,,,,,,
20251119,885739.TI,股权转让(并购重组),,,,,,
20251119,884080.TI,能源及重型设备,,,,,,
20251119,881267.TI,能源金属,,,,,,
20251119,886047.TI,脑机接口,,,,,,
20251119,885779.TI,腾讯概念,,,,,,
20251119,884213.TI,膜材料,,,,,,
20251119,881171.TI,自动化设备,,,,,,
20251119,884164.TI,自然景点,,,,,,
20251119,885764.TI,自由贸易港,,,,,,
20251119,884180.TI,航天装备,,,,,,
20251119,884183.TI,航海装备,,,,,,
20251119,885884.TI,航空发动机,,,,,,
20251119,884181.TI,航空装备,,,,,,
20251119,884157.TI,航空运输,,,,,,
20251119,884191.TI,航运,,,,,,
20251119,885733.TI,航运概念,,,,,,
20251119,885805.TI,芬太尼,,,,,,
20251119,885756.TI,芯片概念,,,,,,
20251119,886048.TI,英伟达概念,,,,,,
20251119,885376.TI,苹果概念,,,,,,
20251119,885640.TI,草甘膦,,,,,,
20251119,884300.TI,药店,,,,,,
20251119,885950.TI,虚拟数字人,,,,,,
20251119,885709.TI,虚拟现实,,,,,,
20251119,886004.TI,虚拟电厂,,,,,,
20251119,885749.TI,蚂蚁集团概念,,,,,,
20251119,883969.TI,融资盘高持仓,,,,,,
20251119,885338.TI,融资融券,,,,,,
20251119,886028.TI,血氧仪,,,,,,
20251119,884238.TI,血液制品,,,,,,
20251119,883917.TI,行业龙头,,,,,,
20251119,884093.TI,被动元件,,,,,,
20251119,885760.TI,装配式建筑,,,,,,
20251119,884065.TI,装饰园林,,,,,,
20251119,882030.TI,西藏,,,,,,
20251119,886086.TI,西部大开发,,,,,,
20251119,881130.TI,计算机设备,,,,,,
20251119,881157.TI,证券,,,,,,
20251119,399975.SZ,证券公司,,,,,,
20251119,885663.TI,证金持股,,,,,,
20251119,885772.TI,语音技术,,,,,,
20251119,884124.TI,调味发酵品,,,,,,
20251119,886080.TI,财税数字化,,,,,,
20251119,000048.SH,责任指数,,,,,,
20251119,882010.TI,贵州,,,,,,
20251119,881169.TI,贵金属,,,,,,
20251119,881159.TI,贸易,,,,,,
20251119,885792.TI,赛马概念,,,,,,
20251119,000043.SH,超大盘,,,,,,
20251119,886038.TI,超导概念,,,,,,
20251119,885761.TI,超级品牌,,,,,,
20251119,885886.TI,超级电容,,,,,,
20251119,885996.TI,超超临界发电,,,,,,
20251119,883975.TI,超跌股,,,,,,
20251119,885580.TI,足球概念,,,,,,
20251119,885966.TI,跨境支付(CIPS),,,,,,
20251119,885642.TI,跨境电商,,,,,,
20251119,885662.TI,车联网(车路协同),,,,,,
20251119,884289.TI,车身附件及饰件,,,,,,
20251119,881269.TI,轨交设备,,,,,,
20251119,885877.TI,转基因,,,,,,
20251119,884291.TI,轮胎轮毂,,,,,,
20251119,881272.TI,软件开发,,,,,,
20251119,884120.TI,软饮料,,,,,,
20251119,885909.TI,辅助生殖,,,,,,
20251119,884131.TI,辅料,,,,,,
20251119,884088.TI,输变电设备,,,,,,
20251119,882019.TI,辽宁,,,,,,
20251119,399237.SZ,运输指数,,,,,,
20251119,883919.TI,近期复牌,,,,,,
20251119,883959.TI,近期并购,,,,,,
20251119,883968.TI,近期异动,,,,,,
20251119,883409.TI,近期强势,,,,,,
20251119,883408.TI,近期新高,,,,,,
20251119,883920.TI,近期解禁,,,,,,
20251119,883907.TI,近端次新股,,,,,,
20251119,883974.TI,远端次新股,,,,,,
20251119,884304.TI,逆变器,,,,,,
20251119,884314.TI,通信工程及服务,,,,,,
20251119,884315.TI,通信应用增值服务,,,,,,
20251119,881162.TI,通信服务,,,,,,
20251119,884263.TI,通信线缆及配套,,,,,,
20251119,884264.TI,通信终端及配件,,,,,,
20251119,884262.TI,通信网络设备及器件,,,,,,
20251119,881129.TI,通信设备,,,,,,
20251119,881117.TI,通用设备,,,,,,
20251119,881137.TI,造纸,,,,,,
20251119,884167.TI,酒店,,,,,,
20251119,399232.SZ,采矿指数,,,,,,
20251119,882003.TI,重庆,,,,,,
20251119,885955.TI,重组蛋白,,,,,,
20251119,885730.TI,量子科技,,,,,,
20251119,884075.TI,金属制品,,,,,,
20251119,885972.TI,金属回收,,,,,,
20251119,881114.TI,金属新材料,,,,,,
20251119,885865.TI,金属钴,,,,,,
20251119,885971.TI,金属铅,,,,,,
20251119,885973.TI,金属铜,,,,,,
20251119,885970.TI,金属锌,,,,,,
20251119,885969.TI,金属镍,,,,,,
20251119,883431.TI,金融地产,,,,,,
20251119,399240.SZ,金融指数,,,,,,
20251119,399699.SZ,金融科技,,,,,,
20251119,886003.TI,钒电池,,,,,,
20251119,886006.TI,钙钛矿电池,,,,,,
20251119,884209.TI,钛白粉,,,,,,
20251119,885652.TI,钛白粉概念,,,,,,
20251119,885928.TI,钠离子电池,,,,,,
20251119,881112.TI,钢铁,,,,,,
20251119,884282.TI,钨,,,,,,
20251119,884284.TI,钴,,,,,,
20251119,884283.TI,钼,,,,,,
20251119,884031.TI,钾肥,,,,,,
20251119,884155.TI,铁路运输,,,,,,
20251119,884055.TI,铅锌,,,,,,
20251119,884054.TI,铜,,,,,,
20251119,886073.TI,铜缆高速连接,,,,,,
20251119,884053.TI,铝,,,,,,
20251119,000959.CSI,银河99,,,,,,
20251119,881155.TI,银行,,,,,,
20251119,884286.TI,锂,,,,,,
20251119,884311.TI,锂电专用设备,,,,,,
20251119,884309.TI,锂电池,,,,,,
20251119,885710.TI,锂电池概念,,,,,,
20251119,884285.TI,镍,,,,,,
20251119,885832.TI,长三角一体化,,,,,,
20251119,886061.TI,长安汽车概念,,,,,,
20251119,886056.TI,阿尔茨海默概念,,,,,,
20251119,885611.TI,阿里巴巴概念,,,,,,
20251119,882025.TI,陕西,,,,,,
20251119,885744.TI,雄安新区,,,,,,
20251119,886105.TI,雅下水电概念,,,,,,
20251119,884227.TI,集成电路制造,,,,,,
20251119,884228.TI,集成电路封测,,,,,,
20251119,881158.TI,零售,,,,,,
20251119,885990.TI,露营经济,,,,,,
20251119,882022.TI,青海,,,,,,
20251119,885852.TI,青蒿素,,,,,,
20251119,000064.SH,非周期,,,,,,
20251119,881167.TI,非金属材料,,,,,,
20251119,884094.TI,面板,,,,,,
20251119,884136.TI,鞋帽及其他,,,,,,
20251119,885372.TI,页岩气,,,,,,
20251119,885951.TI,预制菜,,,,,,
20251119,884297.TI,预加工食品,,,,,,
20251119,885641.TI,风电,,,,,,
20251119,884307.TI,风电整机,,,,,,
20251119,881280.TI,风电设备,,,,,,
20251119,884308.TI,风电零部件,,,,,,
20251119,886066.TI,飞行汽车(eVTOL),,,,,,
20251119,881134.TI,食品加工制造,,,,,,
20251119,884210.TI,食品及饲料添加剂,,,,,,
20251119,885406.TI,食品安全,,,,,,
20251119,884168.TI,餐饮,,,,,,
20251119,399238.SZ,餐饮指数,,,,,,
20251119,881133.TI,饮料制造,,,,,,
20251119,884141.TI,饰品,,,,,,
20251119,883441.TI,高ROE股,,,,,,
20251119,886001.TI,高压快充,,,,,,
20251119,886018.TI,高压氧舱,,,,,,
20251119,883976.TI,高商誉,,,,,,
20251119,883414.TI,高市净率,,,,,,
20251119,883412.TI,高市盈率,,,,,,
20251119,883439.TI,高应收账款股,,,,,,
20251119,883440.TI,高成长股,,,,,,
20251119,883970.TI,高毅持股(财报汇总),,,,,,
20251119,883937.TI,高比例质押,,,,,,
20251119,885427.TI,高端装备,,,,,,
20251119,886072.TI,高股息精选,,,,,,
20251119,883927.TI,高股息股,,,,,,
20251119,883926.TI,高贝塔值,,,,,,
20251119,883405.TI,高送转,,,,,,
20251119,884154.TI,高速公路,,,,,,
20251119,885562.TI,高铁,,,,,,
20251119,885923.TI,鸿蒙概念,,,,,,
20251119,885530.TI,黄金概念,,,,,,
20251119,881132.TI,黑色家电,,,,,,
20251119,882004.TI,黑龙江,,,,,,
20251119,885849.TI,黑龙江自贸区,,,,,,
20251119,883913.TI,龙虎榜指数,,,,,,
20251120,000029.SH,180价值,,,,,,
20251120,000028.SH,180成长,,,,,,
20251120,000021.SH,180治理,,,,,,
20251120,000018.SH,180金融,,,,,,
20251120,886106.TI,2025三季报预增,,,,,,
20251120,886104.TI,2025中报预增,,,,,,
20251120,000919.CSI,300价值,,,,,,
20251120,000915.CSI,300信息,,,,,,
20251120,000917.CSI,300公用,,,,,,
20251120,399913.SZ,300医药,,,,,,
20251120,000911.CSI,300可选,,,,,,
20251120,000910.CSI,300工业,,,,,,
20251120,000918.CSI,300成长,,,,,,
20251120,000909.CSI,300材料,,,,,,
20251120,000912.CSI,300消费,,,,,,
20251120,000908.CSI,300能源,,,,,,
20251120,000916.CSI,300通信,,,,,,
20251120,399914.SZ,300金融,,,,,,
20251120,000849.SH,300非银,,,,,,
20251120,885537.TI,3D打印,,,,,,
20251120,000858.SH,500信息,,,,,,
20251120,000857.SH,500医药,,,,,,
20251120,000854.SH,500原料,,,,,,
20251120,000856.SH,500工业,,,,,,
20251120,000802.SH,500沪市,,,,,,
20251120,000050.SH,50等权,,,,,,
20251120,885556.TI,5G,,,,,,
20251120,886037.TI,6G概念,,,,,,
20251120,399935.SZ,800信息,,,,,,
20251120,000937.CSI,800公用,,,,,,
20251120,399933.SZ,800医卫,,,,,,
20251120,000931.CSI,800可选,,,,,,
20251120,000930.CSI,800工业,,,,,,
20251120,000929.CSI,800材料,,,,,,
20251120,399932.SZ,800消费,,,,,,
20251120,399928.SZ,800能源,,,,,,
20251120,000936.CSI,800通信,,,,,,
20251120,399934.SZ,800金地,,,,,,
20251120,886071.TI,AI PC,,,,,,
20251120,886019.TI,AIGC概念,,,,,,
20251120,886070.TI,AI手机,,,,,,
20251120,886099.TI,AI智能体,,,,,,
20251120,886085.TI,AI眼镜,,,,,,
20251120,886074.TI,AI语料,,,,,,
20251120,000002.SH,A股指数,,,,,,
20251120,886053.TI,BC电池,,,,,,
20251120,000003.SH,B股指数,,,,,,
20251120,885888.TI,C2M概念,,,,,,
20251120,885927.TI,CRO概念,,,,,,
20251120,930701.CSI,CS京津冀,,,,,,
20251120,886031.TI,ChatGPT概念,,,,,,
20251120,885947.TI,DRG/DIP,,,,,,
20251120,886100.TI,DeepSeek概念,,,,,,
20251120,885943.TI,EDR概念,,,,,,
20251120,886039.TI,ERP概念,,,,,,
20251120,885861.TI,ETC,,,,,,
20251120,885998.TI,F5G概念,,,,,,
20251120,885878.TI,HJT电池,,,,,,
20251120,886095.TI,IP经济(谷子经济),,,,,,
20251120,399239.SZ,IT指数,,,,,,
20251120,881271.TI,IT服务,,,,,,
20251120,884095.TI,LED,,,,,,
20251120,885925.TI,MCU芯片,,,,,,
20251120,886040.TI,MLOps概念,,,,,,
20251120,886046.TI,MR(混合现实),,,,,,
20251120,704843.MSI,MSCI中国A股国际,,,,,,
20251120,885987.TI,MicroLED概念,,,,,,
20251120,885875.TI,MiniLED,,,,,,
20251120,885933.TI,NFT概念,,,,,,
20251120,885900.TI,NMN概念,,,,,,
20251120,885738.TI,OLED,,,,,,
20251120,885959.TI,PCB概念,,,,,,
20251120,886063.TI,PEEK材料,,,,,,
20251120,886020.TI,PET铜箔,,,,,,
20251120,885555.TI,PM2.5,,,,,,
20251120,886026.TI,POE胶膜,,,,,,
20251120,885690.TI,PPP概念,,,,,,
20251120,885931.TI,PVDF概念,,,,,,
20251120,883924.TI,QFII重仓,,,,,,
20251120,399017.SZ,SME创新,,,,,,
20251120,885699.TI,ST板块,,,,,,
20251120,886068.TI,Sora概念(文生视频),,,,,,
20251120,399610.SZ,TMT50,,,,,,
20251120,886007.TI,TOPCON电池,,,,,,
20251120,886017.TI,Web3.0,,,,,,
20251120,885940.TI,WiFi6,,,,,,
20251120,886000.TI,一体化压铸,,,,,,
20251120,883437.TI,一元股,,,,,,
20251120,885494.TI,一带一路,,,,,,
20251120,885540.TI,三胎概念,,,,,,
20251120,883984.TI,上市首五日,,,,,,
20251120,882027.TI,上海(除浦东),,,,,,
20251120,950096.CSI,上海国企,,,,,,
20251120,885493.TI,上海国企改革,,,,,,
20251120,950082.CSI,上海改革,,,,,,
20251120,885472.TI,上海自贸区,,,,,,
20251120,000132.SH,上证100,,,,,,
20251120,000133.SH,上证150,,,,,,
20251120,000010.SH,上证180,,,,,,
20251120,000009.SH,上证380,,,,,,
20251120,000016.SH,上证50,,,,,,
20251120,950580.SH,上证580,,,,,,
20251120,000094.SH,上证上游,,,,,,
20251120,000096.SH,上证下游,,,,,,
20251120,000046.SH,上证中小,,,,,,
20251120,000095.SH,上证中游,,,,,,
20251120,000044.SH,上证中盘,,,,,,
20251120,000047.SH,上证全指,,,,,,
20251120,000037.SH,上证医药,,,,,,
20251120,000063.SH,上证周期,,,,,,
20251120,000066.SH,上证商品,,,,,,
20251120,000056.SH,上证国企,,,,,,
20251120,000055.SH,上证地企,,,,,,
20251120,000042.SH,上证央企,,,,,,
20251120,000045.SH,上证小盘,,,,,,
20251120,000001.SH,上证指数,,,,,,
20251120,991001.TI,上证指数(旧),,,,,,
20251120,000888.SH,上证收益,,,,,,
20251120,000067.SH,上证新兴,,,,,,
20251120,000049.SH,上证民企,,,,,,
20251120,000062.SH,上证沪企,,,,,,
20251120,000090.SH,上证流通,,,,,,
20251120,000054.SH,上证海外,,,,,,
20251120,000036.SH,上证消费,,,,,,
20251120,000068.SH,上证资源,,,,,,
20251120,000038.SH,上证金融,,,,,,
20251120,000065.SH,上证龙头,,,,,,
20251120,884068.TI,专业工程,,,,,,
20251120,884257.TI,专业服务,,,,,,
20251120,884161.TI,专业连锁,,,,,,
20251120,881118.TI,专用设备,,,,,,
20251120,885929.TI,专精特新,,,,,,
20251120,885829.TI,丙烯酸,,,,,,
20251120,883936.TI,业绩扭亏,,,,,,
20251120,883935.TI,业绩预亏,,,,,,
20251120,885957.TI,东数西算(算力),,,,,,
20251120,885974.TI,两轮车,,,,,,
20251120,884271.TI,个护用品,,,,,,
20251120,885965.TI,中俄贸易概念,,,,,,
20251120,399422.SZ,中关村A,,,,,,
20251120,399612.SZ,中创100,,,,,,
20251120,399611.SZ,中创100R,,,,,,
20251120,399624.SZ,中创400,,,,,,
20251120,399625.SZ,中创500,,,,,,
20251120,886102.TI,中国AI 50,,,,,,
20251120,000020.SH,中型综指,,,,,,
20251120,885741.TI,中字头股票,,,,,,
20251120,399005.SZ,中小100,,,,,,
20251120,399333.SZ,中小100R,,,,,,
20251120,399008.SZ,中小300,,,,,,
20251120,399015.SZ,中小创新,,,,,,
20251120,399623.SZ,中小基础,,,,,,
20251120,399101.SZ,中小综指,,,,,,
20251120,885860.TI,中船系,,,,,,
20251120,885897.TI,中芯国际概念,,,,,,
20251120,881141.TI,中药,,,,,,
20251120,399852.SZ,中证1000,,,,,,
20251120,000904.CSI,中证200,,,,,,
20251120,399905.SZ,中证500,,,,,,
20251120,000907.CSI,中证700,,,,,,
20251120,000906.SH,中证800,,,,,,
20251120,399903.SZ,中证A100,,,,,,
20251120,930903.CSI,中证A股,,,,,,
20251120,000961.CSI,中证上游,,,,,,
20251120,399971.SZ,中证传媒,,,,,,
20251120,000985.CSI,中证全指,,,,,,
20251120,399967.SZ,中证军工,,,,,,
20251120,000902.CSI,中证流通,,,,,,
20251120,000827.SH,中证环保,,,,,,
20251120,000922.CSI,中证红利,,,,,,
20251120,000980.CSI,中证超大,,,,,,
20251120,399986.SZ,中证银行,,,,,,
20251120,885591.TI,中韩自贸区,,,,,,
20251120,885587.TI,举牌,,,,,,
20251120,399103.SZ,乐富指数,,,,,,
20251120,884099.TI,乘用车,,,,,,
20251120,885705.TI,乡村振兴,,,,,,
20251120,885462.TI,乳业,,,,,,
20251120,884125.TI,乳品,,,,,,
20251120,885881.TI,云办公,,,,,,
20251120,882032.TI,云南,,,,,,
20251120,885874.TI,云游戏,,,,,,
20251120,885362.TI,云计算,,,,,,
20251120,885767.TI,互联网保险,,,,,,
20251120,881177.TI,互联网电商,,,,,,
20251120,885456.TI,互联网金融,,,,,,
20251120,884203.TI,产业地产,,,,,,
20251120,885514.TI,京津冀一体化,,,,,,
20251120,884163.TI,人工景点,,,,,,
20251120,885728.TI,人工智能,,,,,,
20251120,886069.TI,人形机器人,,,,,,
20251120,885840.TI,人民币贬值受益,,,,,,
20251120,885759.TI,人脸识别,,,,,,
20251120,885839.TI,人造肉,,,,,,
20251120,885904.TI,代糖概念,,,,,,
20251120,884192.TI,仪器仪表,,,,,,
20251120,885856.TI,仿制药一致性评价,,,,,,
20251120,884233.TI,休闲食品,,,,,,
20251120,399698.SZ,优势成长,,,,,,
20251120,885946.TI,传感器,,,,,,
20251120,883960.TI,低价股,,,,,,
20251120,883415.TI,低市净率,,,,,,
20251120,883413.TI,低市盈率,,,,,,
20251120,886067.TI,低空经济,,,,,,
20251120,884202.TI,住宅开发,,,,,,
20251120,884243.TI,体外诊断,,,,,,
20251120,884258.TI,体育,,,,,,
20251120,885615.TI,体育产业,,,,,,
20251120,883403.TI,佛山,,,,,,
20251120,886016.TI,供销社,,,,,,
20251120,885964.TI,俄乌冲突概念,,,,,,
20251120,RTS.GI,俄罗斯RTS,,,,,,
20251120,881156.TI,保险,,,,,,
20251120,883934.TI,保险重仓,,,,,,
20251120,886013.TI,信创,,,,,,
20251120,885814.TI,信托概念,,,,,,
20251120,883923.TI,信托重仓,,,,,,
20251120,885921.TI,储能,,,,,,
20251120,881270.TI,元件,,,,,,
20251120,885934.TI,元宇宙,,,,,,
20251120,885461.TI,充电桩,,,,,,
20251120,883433.TI,先进制造,,,,,,
20251120,886009.TI,先进封装,,,,,,
20251120,884306.TI,光伏加工设备,,,,,,
20251120,885920.TI,光伏建筑一体化,,,,,,
20251120,885531.TI,光伏概念,,,,,,
20251120,884303.TI,光伏电池组件,,,,,,
20251120,881279.TI,光伏设备,,,,,,
20251120,884305.TI,光伏辅材,,,,,,
20251120,886054.TI,光刻机,,,,,,
20251120,885864.TI,光刻胶,,,,,,
20251120,884096.TI,光学元件,,,,,,
20251120,881122.TI,光学光电子,,,,,,
20251120,886011.TI,光热发电,,,,,,
20251120,886084.TI,光纤概念,,,,,,
20251120,885898.TI,免税店,,,,,,
20251120,000993.SH,全指信息,,,,,,
20251120,000991.SH,全指医药,,,,,,
20251120,000989.SH,全指可选,,,,,,
20251120,000988.CSI,全指工业,,,,,,
20251120,000987.SH,全指材料,,,,,,
20251120,000990.CSI,全指消费,,,,,,
20251120,000986.SH,全指能源,,,,,,
20251120,884200.TI,公交,,,,,,
20251120,399244.SZ,公共指数,,,,,,
20251120,000007.SH,公用指数,,,,,,
20251120,881149.TI,公路铁路运输,,,,,,
20251120,885747.TI,共享单车,,,,,,
20251120,885924.TI,共同富裕示范区,,,,,,
20251120,886033.TI,共封装光学(CPO),,,,,,
20251120,886101.TI,兵装重组概念,,,,,,
20251120,884082.TI,其他专用设备,,,,,,
20251120,884277.TI,其他养殖,,,,,,
20251120,884011.TI,其他农产品加工,,,,,,
20251120,884034.TI,其他化学制品,,,,,,
20251120,884025.TI,其他化学原料,,,,,,
20251120,884245.TI,其他医疗服务,,,,,,
20251120,884046.TI,其他塑料制品,,,,,,
20251120,884140.TI,其他家居用品,,,,,,
20251120,884186.TI,其他小金属,,,,,,
20251120,884062.TI,其他建材,,,,,,
20251120,884050.TI,其他橡胶制品,,,,,,
20251120,884292.TI,其他汽车零部件,,,,,,
20251120,884240.TI,其他生物制品,,,,,,
20251120,881123.TI,其他电子,,,,,,
20251120,884312.TI,其他电池,,,,,,
20251120,881282.TI,其他电源设备,,,,,,
20251120,881179.TI,其他社会服务,,,,,,
20251120,884003.TI,其他种植业,,,,,,
20251120,884044.TI,其他纤维,,,,,,
20251120,884132.TI,其他纺织,,,,,,
20251120,884221.TI,其他自动化设备,,,,,,
20251120,884207.TI,其他计算机设备,,,,,,
20251120,884106.TI,其他运输设备,,,,,,
20251120,884265.TI,其他通信设备,,,,,,
20251120,884074.TI,其他通用设备,,,,,,
20251120,884119.TI,其他酒类,,,,,,
20251120,884056.TI,其他金属新材料,,,,,,
20251120,884126.TI,其他食品,,,,,,
20251120,884118.TI,其他黑色家电,,,,,,
20251120,881102.TI,养殖业,,,,,,
20251120,885522.TI,养老概念,,,,,,
20251120,883442.TI,养老金持股,,,,,,
20251120,885808.TI,养鸡,,,,,,
20251120,882020.TI,内蒙古,,,,,,
20251120,885700.TI,军工,,,,,,
20251120,886076.TI,军工信息化,,,,,,
20251120,881276.TI,军工电子,,,,,,
20251120,881166.TI,军工装备,,,,,,
20251120,885743.TI,军民融合,,,,,,
20251120,885812.TI,农业种植,,,,,,
20251120,884012.TI,农业综合,,,,,,
20251120,881103.TI,农产品加工,,,,,,
20251120,881263.TI,农化制品,,,,,,
20251120,884252.TI,农商行,,,,,,
20251120,885706.TI,农机,,,,,,
20251120,885629.TI,农村电商,,,,,,
20251120,399231.SZ,农林指数,,,,,,
20251120,884078.TI,农用机械,,,,,,
20251120,884028.TI,农药,,,,,,
20251120,884112.TI,冰洗,,,,,,
20251120,885825.TI,冰雪产业,,,,,,
20251120,884214.TI,冶钢原料,,,,,,
20251120,885502.TI,冷链物流,,,,,,
20251120,885961.TI,净水概念,,,,,,
20251120,883420.TI,减持新规(不可减持),,,,,,
20251120,883921.TI,减持计划,,,,,,
20251120,886051.TI,减肥药,,,,,,
20251120,886008.TI,减速器,,,,,,
20251120,884176.TI,出版,,,,,,
20251120,399354.SZ,分析师指,,,,,,
20251120,884090.TI,分立器件,,,,,,
20251120,399019.SZ,创业200,,,,,,
20251120,399012.SZ,创业300,,,,,,
20251120,399018.SZ,创业创新,,,,,,
20251120,399640.SZ,创业基础,,,,,,
20251120,399020.SZ,创业小盘,,,,,,
20251120,399673.SZ,创业板50,,,,,,
20251120,399606.SZ,创业板R,,,,,,
20251120,470006.SZ,创业板R(港币)(CNH),,,,,,
20251120,470007.SZ,创业板R(美元)(CNH),,,,,,
20251120,399006.SZ,创业板指,,,,,,
20251120,970006.SZ,创业板指(港币)(CNH),,,,,,
20251120,970007.SZ,创业板指(美元)(CNH),,,,,,
20251120,399102.SZ,创业板综,,,,,,
20251120,883424.TI,创业科创板昨日涨停,,,,,,
20251120,883911.TI,创历史新高,,,,,,
20251120,885413.TI,创投,,,,,,
20251120,399050.SZ,创新引擎,,,,,,
20251120,886015.TI,创新药,,,,,,
20251120,399269.SZ,创质量,,,,,,
20251120,884073.TI,制冷空调设备,,,,,,
20251120,399233.SZ,制造指数,,,,,,
20251120,883928.TI,券商重仓,,,,,,
20251120,885944.TI,动力电池回收,,,,,,
20251120,884013.TI,动物保健,,,,,,
20251120,885846.TI,动物疫苗,,,,,,
20251120,884236.TI,包装,,,,,,
20251120,881138.TI,包装印刷,,,,,,
20251120,885740.TI,化债概念(AMC概念),,,,,,
20251120,884272.TI,化妆品,,,,,,
20251120,884144.TI,化学制剂,,,,,,
20251120,881109.TI,化学制品,,,,,,
20251120,881140.TI,化学制药,,,,,,
20251120,881108.TI,化学原料,,,,,,
20251120,881264.TI,化学纤维,,,,,,
20251120,885967.TI,化肥,,,,,,
20251120,882002.TI,北京,,,,,,
20251120,931023.CSI,北京50,,,,,,
20251120,899050.BJ,北证50,,,,,,
20251120,885757.TI,区块链,,,,,,
20251120,399286.SZ,区块链50,,,,,,
20251120,881144.TI,医疗器械,,,,,,
20251120,885539.TI,医疗器械概念,,,,,,
20251120,885883.TI,医疗废物处理,,,,,,
20251120,881175.TI,医疗服务,,,,,,
20251120,884244.TI,医疗研发外包,,,,,,
20251120,884273.TI,医疗美容,,,,,,
20251120,884242.TI,医疗耗材,,,,,,
20251120,884145.TI,医疗设备,,,,,,
20251120,885913.TI,医美概念,,,,,,
20251120,883435.TI,医药医疗,,,,,,
20251120,881143.TI,医药商业,,,,,,
20251120,884199.TI,医药流通,,,,,,
20251120,885661.TI,医药电商,,,,,,
20251120,884301.TI,医院,,,,,,
20251120,881121.TI,半导体,,,,,,
20251120,884091.TI,半导体材料,,,,,,
20251120,884229.TI,半导体设备,,,,,,
20251120,886091.TI,华为手机,,,,,,
20251120,886093.TI,华为数字能源,,,,,,
20251120,886058.TI,华为昇腾,,,,,,
20251120,885806.TI,华为概念,,,,,,
20251120,885982.TI,华为欧拉,,,,,,
20251120,885834.TI,华为汽车,,,,,,
20251120,885843.TI,华为海思概念股,,,,,,
20251120,886094.TI,华为盘古,,,,,,
20251120,885980.TI,华为鲲鹏,,,,,,
20251120,885574.TI,卫星导航,,,,,,
20251120,884092.TI,印制电路板,,,,,,
20251120,884235.TI,印刷,,,,,,
20251120,884081.TI,印刷包装机械,,,,,,
20251120,884130.TI,印染,,,,,,
20251120,884143.TI,原料药,,,,,,
20251120,881174.TI,厨卫电器,,,,,,
20251120,885623.TI,参股保险,,,,,,
20251120,885620.TI,参股券商,,,,,,
20251120,885835.TI,参股银行,,,,,,
20251120,886065.TI,可控核聚变,,,,,,
20251120,885748.TI,可燃冰,,,,,,
20251120,883981.TI,可转债指数,,,,,,
20251120,885901.TI,可降解塑料,,,,,,
20251120,884212.TI,合成树脂,,,,,,
20251120,886077.TI,合成生物,,,,,,
20251120,882016.TI,吉林,,,,,,
20251120,886045.TI,同花顺中特估100,,,,,,
20251120,883421.TI,同花顺全A(沪深),,,,,,
20251120,883957.TI,同花顺全A(沪深京),1722634200000.0,-0.7616,,-20031100000.0,5411258800000.0,
20251120,886075.TI,同花顺出海50,,,,,,
20251120,883404.TI,同花顺情绪指数,,,,,,
20251120,883426.TI,同花顺拟回购指数,,,,,,
20251120,886096.TI,同花顺新质50,,,,,,
20251120,886082.TI,同花顺果指数,,,,,,
20251120,885916.TI,同花顺漂亮100,,,,,,
20251120,883910.TI,同花顺热股,,,,,,
20251120,883980.TI,含可转债,,,,,,
20251120,883436.TI,周期,,,,,,
20251120,884230.TI,品牌消费电子,,,,,,
20251120,884247.TI,商业地产,,,,,,
20251120,000005.SH,商业指数,,,,,,
20251120,884162.TI,商业物业经营,,,,,,
20251120,886078.TI,商业航天,,,,,,
20251120,399242.SZ,商务指数,,,,,,
20251120,884101.TI,商用载客车,,,,,,
20251120,884100.TI,商用载货车,,,,,,
20251120,884189.TI,啤酒,,,,,,
20251120,885780.TI,啤酒概念,,,,,,
20251120,882028.TI,四川,,,,,,
20251120,886089.TI,回购增持再贷款概念,,,,,,
20251120,883929.TI,回购计划,,,,,,
20251120,885410.TI,固废处理,,,,,,
20251120,884269.TI,固废治理,,,,,,
20251120,886032.TI,固态电池,,,,,,
20251120,885844.TI,国产操作系统,,,,,,
20251120,885795.TI,国产航母,,,,,,
20251120,886021.TI,国企改革,,,,,,
20251120,931052.CSI,国信价值,,,,,,
20251120,885893.TI,国家大基金持股,,,,,,
20251120,884249.TI,国有大型银行,,,,,,
20251120,399311.SZ,国证1000,,,,,,
20251120,399303.SZ,国证2000,,,,,,
20251120,399312.SZ,国证300,,,,,,
20251120,399310.SZ,国证A50,,,,,,
20251120,399317.SZ,国证A指,,,,,,
20251120,399318.SZ,国证B指,,,,,,
20251120,399358.SZ,国证环保,,,,,,
20251120,885977.TI,国资云,,,,,,
20251120,885439.TI,土地流转,,,,,,
20251120,885962.TI,土壤修复,,,,,,
20251120,885480.TI,在线教育,,,,,,
20251120,885692.TI,地下管网,,,,,,
20251120,399241.SZ,地产指数,,,,,,
20251120,884182.TI,地面兵装,,,,,,
20251120,884295.TI,垂直应用软件,,,,,,
20251120,885854.TI,垃圾分类,,,,,,
20251120,884251.TI,城商行,,,,,,
20251120,885937.TI,培育钻石,,,,,,
20251120,885578.TI,基因测序,,,,,,
20251120,399995.SZ,基建工程,,,,,,
20251120,000925.CSI,基本面50,,,,,,
20251120,884067.TI,基础建设,,,,,,
20251120,883406.TI,基金重仓股,,,,,,
20251120,881265.TI,塑料制品,,,,,,
20251120,883904.TI,增发募集指数,,,,,,
20251120,883903.TI,增发预案指数,,,,,,
20251120,883915.TI,增持计划,,,,,,
20251120,884035.TI,复合肥,,,,,,
20251120,881283.TI,多元金融,,,,,,
20251120,886062.TI,多模态AI,,,,,,
20251120,884267.TI,大气治理,,,,,,
20251120,883417.TI,大盘股,,,,,,
20251120,885810.TI,大豆,,,,,,
20251120,885566.TI,大飞机,,,,,,
20251120,882029.TI,天津,,,,,,
20251120,885487.TI,天津自贸区,,,,,,
20251120,885430.TI,天然气,,,,,,
20251120,886043.TI,太赫兹,,,,,,
20251120,885595.TI,央企国企改革,,,,,,
20251120,399550.SZ,央视50,,,,,,
20251120,399551.SZ,央视创新,,,,,,
20251120,399553.SZ,央视回报,,,,,,
20251120,399552.SZ,央视成长,,,,,,
20251120,399557.SZ,央视文化,,,,,,
20251120,399554.SZ,央视治理,,,,,,
20251120,399556.SZ,央视生态,,,,,,
20251120,399555.SZ,央视责任,,,,,,
20251120,886042.TI,存储芯片,,,,,,
20251120,882021.TI,宁夏,,,,,,
20251120,885789.TI,宁德时代概念,,,,,,
20251120,882001.TI,安徽,,,,,,
20251120,885423.TI,安防,,,,,,
20251120,884294.TI,安防设备,,,,,,
20251120,884299.TI,定制家居,,,,,,
20251120,883964.TI,定增破发,,,,,,
20251120,886012.TI,宠物经济,,,,,,
20251120,884280.TI,宠物食品,,,,,,
20251120,881139.TI,家居用品,,,,,,
20251120,885981.TI,家庭医生,,,,,,
20251120,885543.TI,家用电器,,,,,,
20251120,884116.TI,家电零部件,,,,,,
20251120,884137.TI,家纺,,,,,,
20251120,883411.TI,密集调研,,,,,,
20251120,885786.TI,富士康概念,,,,,,
20251120,881173.TI,小家电,,,,,,
20251120,399901.SZ,小康指数,,,,,,
20251120,885785.TI,小米概念,,,,,,
20251120,886064.TI,小米汽车,,,,,,
20251120,886098.TI,小红书概念,,,,,,
20251120,881170.TI,小金属,,,,,,
20251120,885552.TI,小金属概念,,,,,,
20251120,882023.TI,山东,,,,,,
20251120,882024.TI,山西,,,,,,
20251120,885783.TI,工业互联网,,,,,,
20251120,885818.TI,工业大麻,,,,,,
20251120,000004.SH,工业指数,,,,,,
20251120,885930.TI,工业母机,,,,,,
20251120,881168.TI,工业金属,,,,,,
20251120,884219.TI,工控设备,,,,,,
20251120,884217.TI,工程咨询服务,,,,,,
20251120,881268.TI,工程机械,,,,,,
20251120,399313.SZ,巨潮100,,,,,,
20251120,399315.SZ,巨潮中盘,,,,,,
20251120,399314.SZ,巨潮大盘,,,,,,
20251120,399316.SZ,巨潮小盘,,,,,,
20251120,000155.SH,市值百强,,,,,,
20251120,885952.TI,幽门螺杆菌概念,,,,,,
20251120,882008.TI,广东(除深圳),,,,,,
20251120,885734.TI,广东自贸区,,,,,,
20251120,884178.TI,广告营销,,,,,,
20251120,882009.TI,广西,,,,,,
20251120,884290.TI,底盘与发动机系统,,,,,,
20251120,399235.SZ,建筑指数,,,,,,
20251120,881115.TI,建筑材料,,,,,,
20251120,885386.TI,建筑节能,,,,,,
20251120,881116.TI,建筑装饰,,,,,,
20251120,884117.TI,彩电,,,,,,
20251120,881274.TI,影视院线,,,,,,
20251120,883418.TI,微盘股,,,,,,
20251120,GDAXI.GI,德国DAX,,,,,,
20251120,885918.TI,快手概念,,,,,,
20251120,HSCE.HK,恒生中国企业,,,,,,
20251120,HSI.HK,恒生指数,,,,,,
20251120,399003.SZ,成份B指,,,,,,
20251120,884298.TI,成品家居,,,,,,
20251120,399326.SZ,成长40,,,,,,
20251120,886030.TI,成飞概念,,,,,,
20251120,881153.TI,房地产,,,,,,
20251120,884248.TI,房地产服务,,,,,,
20251120,884066.TI,房屋建设,,,,,,
20251120,886087.TI,房屋检测,,,,,,
20251120,885457.TI,手机游戏,,,,,,
20251120,885968.TI,托育服务,,,,,,
20251120,399236.SZ,批零指数,,,,,,
20251120,885890.TI,抖音概念(字节概念),,,,,,
20251120,885935.TI,抽水蓄能,,,,,,
20251120,885910.TI,拼多多概念,,,,,,
20251120,885938.TI,换电概念,,,,,,
20251120,885742.TI,摘帽,,,,,,
20251120,884048.TI,改性塑料,,,,,,
20251120,881178.TI,教育,,,,,,
20251120,885842.TI,数字乡村,,,,,,
20251120,884261.TI,数字媒体,,,,,,
20251120,885820.TI,数字孪生,,,,,,
20251120,886034.TI,数字水印,,,,,,
20251120,885976.TI,数字经济,,,,,,
20251120,884287.TI,数字芯片设计,,,,,,
20251120,885866.TI,数字货币,,,,,,
20251120,885887.TI,数据中心,,,,,,
20251120,885942.TI,数据安全,,,,,,
20251120,886023.TI,数据确权,,,,,,
20251120,886041.TI,数据要素,,,,,,
20251120,881164.TI,文化传媒,,,,,,
20251120,885418.TI,文化传媒概念,,,,,,
20251120,399248.SZ,文化指数,,,,,,
20251120,884142.TI,文娱用品,,,,,,
20251120,000171.CSI,新兴成指,,,,,,
20251120,000891.SH,新兴综指,,,,,,
20251120,885991.TI,新型城镇化,,,,,,
20251120,886057.TI,新型工业化,,,,,,
20251120,885899.TI,新型烟草(电子烟),,,,,,
20251120,399100.SZ,新指数,,,,,,
20251120,399297.SZ,新浪100,,,,,,
20251120,882031.TI,新疆,,,,,,
20251120,885345.TI,新疆振兴,,,,,,
20251120,000017.SH,新综指,,,,,,
20251120,885598.TI,新股与次新股,,,,,,
20251120,884150.TI,新能源发电,,,,,,
20251120,885431.TI,新能源汽车,,,,,,
20251120,881160.TI,旅游及酒店,,,,,,
20251120,885497.TI,旅游概念,,,,,,
20251120,884165.TI,旅游综合,,,,,,
20251120,884254.TI,旅游零售,,,,,,
20251120,885564.TI,无人机,,,,,,
20251120,885768.TI,无人零售,,,,,,
20251120,885736.TI,无人驾驶,,,,,,
20251120,884024.TI,无机盐,,,,,,
20251120,885774.TI,无线充电,,,,,,
20251120,885868.TI,无线耳机,,,,,,
20251120,886036.TI,时空大数据,,,,,,
20251120,886055.TI,星闪概念,,,,,,
20251120,883401.TI,昨日ST连板股表现,,,,,,
20251120,883400.TI,昨日ST首板股表现,,,,,,
20251120,883902.TI,昨日成交前十,,,,,,
20251120,883996.TI,昨日打二板以上表现,,,,,,
20251120,883978.TI,昨日打板表现,,,,,,
20251120,883995.TI,昨日打首板以上表现,,,,,,
20251120,883994.TI,昨日打首板表现,,,,,,
20251120,883905.TI,昨日换手前十,,,,,,
20251120,883900.TI,昨日涨停表现,,,,,,
20251120,883918.TI,昨日炸板股,,,,,,
20251120,883901.TI,昨日资金前十,,,,,,
20251120,883958.TI,昨日连板,,,,,,
20251120,883999.TI,昨日非ST三板以上表现,,,,,,
20251120,883998.TI,昨日非ST三板表现,,,,,,
20251120,883997.TI,昨日非ST二板表现,,,,,,
20251120,883992.TI,昨日非ST打板,,,,,,
20251120,883986.TI,昨日非ST涨停表现,,,,,,
20251120,883987.TI,昨日非ST炸板,,,,,,
20251120,883988.TI,昨日非ST连板,,,,,,
20251120,883993.TI,昨日非ST首板,,,,,,
20251120,883979.TI,昨日首板表现,,,,,,
20251120,883906.TI,昨日高振幅,,,,,,
20251120,884052.TI,普钢,,,,,,
20251120,885378.TI,智慧城市,,,,,,
20251120,885956.TI,智慧政务,,,,,,
20251120,885963.TI,智慧灯杆,,,,,,
20251120,885402.TI,智能医疗,,,,,,
20251120,885478.TI,智能家居,,,,,,
20251120,886059.TI,智能座舱,,,,,,
20251120,885770.TI,智能物流,,,,,,
20251120,885311.TI,智能电网,,,,,,
20251120,885454.TI,智能穿戴,,,,,,
20251120,885771.TI,智能音箱,,,,,,
20251120,886090.TI,智谱AI,,,,,,
20251120,883410.TI,最近多板,,,,,,
20251120,884211.TI,有机硅,,,,,,
20251120,885912.TI,有机硅概念,,,,,,
20251120,000819.SH,有色金属,,,,,,
20251120,884234.TI,服装,,,,,,
20251120,881136.TI,服装家纺,,,,,,
20251120,885570.TI,期货概念,,,,,,
20251120,884218.TI,机器人,,,,,,
20251120,885517.TI,机器人概念,,,,,,
20251120,886002.TI,机器视觉,,,,,,
20251120,884156.TI,机场,,,,,,
20251120,881151.TI,机场航运,,,,,,
20251120,884069.TI,机床工具,,,,,,
20251120,883967.TI,机构周调研前十,,,,,,
20251120,883966.TI,机构月调研前十,,,,,,
20251120,883990.TI,机构重仓股,,,,,,
20251120,884004.TI,林业,,,,,,
20251120,884009.TI,果蔬加工,,,,,,
20251120,885633.TI,染料,,,,,,
20251120,885809.TI,柔性屏(折叠屏),,,,,,
20251120,885948.TI,柔性直流输电,,,,,,
20251120,HKSPGEM.HK,标普香港创业板指数,,,,,,
20251120,886052.TI,核污染防治,,,,,,
20251120,885571.TI,核电,,,,,,
20251120,884128.TI,棉纺,,,,,,
20251120,884083.TI,楼宇设备,,,,,,
20251120,884288.TI,模拟芯片设计,,,,,,
20251120,884296.TI,横向通用软件,,,,,,
20251120,885827.TI,横琴新区,,,,,,
20251120,881266.TI,橡胶制品,,,,,,
20251120,885997.TI,比亚迪概念,,,,,,
20251120,885985.TI,毛发医疗,,,,,,
20251120,886035.TI,毫米波雷达,,,,,,
20251120,885960.TI,民爆概念,,,,,,
20251120,884032.TI,民爆用品,,,,,,
20251120,885490.TI,民营医院,,,,,,
20251120,884036.TI,氟化工,,,,,,
20251120,885551.TI,氟化工概念,,,,,,
20251120,885823.TI,氢能源,,,,,,
20251120,884045.TI,氨纶,,,,,,
20251120,884026.TI,氮肥,,,,,,
20251120,884023.TI,氯碱,,,,,,
20251120,884006.TI,水产养殖,,,,,,
20251120,884279.TI,水产饲料,,,,,,
20251120,885572.TI,水利,,,,,,
20251120,884268.TI,水务及水治理,,,,,,
20251120,884060.TI,水泥,,,,,,
20251120,885782.TI,水泥概念,,,,,,
20251120,884147.TI,水电,,,,,,
20251120,399234.SZ,水电指数,,,,,,
20251120,882017.TI,江苏,,,,,,
20251120,882018.TI,江西,,,,,,
20251120,885412.TI,污水处理,,,,,,
20251120,885902.TI,汽车拆解概念,,,,,,
20251120,881125.TI,汽车整车,,,,,,
20251120,884107.TI,汽车服务,,,,,,
20251120,881128.TI,汽车服务及其他,,,,,,
20251120,885999.TI,汽车热管理,,,,,,
20251120,885545.TI,汽车电子,,,,,,
20251120,884293.TI,汽车电子电气系统,,,,,,
20251120,885945.TI,汽车芯片,,,,,,
20251120,881126.TI,汽车零部件,,,,,,
20251120,000061.SH,沪企债30,,,,,,
20251120,399300.SZ,沪深300,,,,,,
20251120,883423.TI,沪深主板昨日涨停,,,,,,
20251120,885520.TI,沪股通,,,,,,
20251120,883908.TI,沪股通成交前十,,,,,,
20251120,882012.TI,河北,,,,,,
20251120,882013.TI,河南,,,,,,
20251120,884021.TI,油品石化贸易,,,,,,
20251120,884018.TI,油服工程,,,,,,
20251120,884016.TI,油气开采,,,,,,
20251120,881107.TI,油气开采及服务,,,,,,
20251120,885905.TI,注册制次新股,,,,,,
20251120,885879.TI,流感,,,,,,
20251120,882033.TI,浙江,,,,,,
20251120,882026.TI,浦东,,,,,,
20251120,882011.TI,海南,,,,,,
20251120,885894.TI,海南自贸区,,,,,,
20251120,885939.TI,海峡两岸,,,,,,
20251120,885426.TI,海工装备,,,,,,
20251120,884005.TI,海洋捕捞,,,,,,
20251120,884030.TI,涂料油墨,,,,,,
20251120,885882.TI,消毒剂,,,,,,
20251120,883434.TI,消费,,,,,,
20251120,000069.SH,消费80,,,,,,
20251120,881124.TI,消费电子,,,,,,
20251120,885800.TI,消费电子概念,,,,,,
20251120,884098.TI,消费电子零部件及组装,,,,,,
20251120,884041.TI,涤纶,,,,,,
20251120,886044.TI,液冷服务器,,,,,,
20251120,399750.SZ,深主板50,,,,,,
20251120,882007.TI,深圳,,,,,,
20251120,885697.TI,深圳国企改革,,,,,,
20251120,883985.TI,深市新主板,,,,,,
20251120,399013.SZ,深市精选,,,,,,
20251120,399002.SZ,深成指R,,,,,,
20251120,399672.SZ,深红利50,,,,,,
20251120,885694.TI,深股通,,,,,,
20251120,883912.TI,深股通成交前十,,,,,,
20251120,399330.SZ,深证100,,,,,,
20251120,399011.SZ,深证1000,,,,,,
20251120,399004.SZ,深证100R,,,,,,
20251120,399009.SZ,深证200,,,,,,
20251120,399679.SZ,深证200R,,,,,,
20251120,399007.SZ,深证300,,,,,,
20251120,399344.SZ,深证300R,,,,,,
20251120,399850.SZ,深证50,,,,,,
20251120,399010.SZ,深证700,,,,,,
20251120,399107.SZ,深证A指,,,,,,
20251120,399108.SZ,深证B指,,,,,,
20251120,399306.SZ,深证ETF,,,,,,
20251120,399702.SZ,深证F120,,,,,,
20251120,399703.SZ,深证F200,,,,,,
20251120,399701.SZ,深证F60,,,,,,
20251120,399348.SZ,深证价值,,,,,,
20251120,399016.SZ,深证创新,,,,,,
20251120,399001.SZ,深证成指,,,,,,
20251120,399337.SZ,深证民营,,,,,,
20251120,399106.SZ,深证综指,,,,,,
20251120,884153.TI,港口,,,,,,
20251120,881148.TI,港口航运,,,,,,
20251120,881275.TI,游戏,,,,,,
20251120,882014.TI,湖北,,,,,,
20251120,882015.TI,湖南,,,,,,
20251120,884220.TI,激光设备,,,,,,
20251120,884146.TI,火电,,,,,,
20251120,884051.TI,炭黑,,,,,,
20251120,885851.TI,烟草,,,,,,
20251120,884149.TI,热力,,,,,,
20251120,884015.TI,焦炭加工,,,,,,
20251120,884281.TI,煤化工,,,,,,
20251120,885398.TI,煤化工概念,,,,,,
20251120,884014.TI,煤炭开采,,,,,,
20251120,881105.TI,煤炭开采加工,,,,,,
20251120,885914.TI,煤炭概念,,,,,,
20251120,885775.TI,燃料电池,,,,,,
20251120,881146.TI,燃气,,,,,,
20251120,885926.TI,牙科医疗,,,,,,
20251120,885915.TI,物业管理,,,,,,
20251120,881152.TI,物流,,,,,,
20251120,885312.TI,物联网,,,,,,
20251120,885467.TI,特斯拉概念,,,,,,
20251120,885750.TI,特色小镇,,,,,,
20251120,884184.TI,特钢,,,,,,
20251120,885428.TI,特钢概念,,,,,,
20251120,885425.TI,特高压,,,,,,
20251120,885787.TI,独角兽概念,,,,,,
20251120,885573.TI,猪肉,,,,,,
20251120,885994.TI,猴痘概念,,,,,,
20251120,885811.TI,玉米,,,,,,
20251120,881284.TI,环保设备,,,,,,
20251120,881181.TI,环境治理,,,,,,
20251120,885903.TI,环氧丙烷,,,,,,
20251120,884059.TI,玻璃玻纤,,,,,,
20251120,883419.TI,珠海,,,,,,
20251120,884237.TI,瓷砖地板,,,,,,
20251120,882006.TI,甘肃,,,,,,
20251120,885505.TI,生态农业,,,,,,
20251120,881142.TI,生物制品,,,,,,
20251120,885845.TI,生物疫苗,,,,,,
20251120,886005.TI,生物质能发电,,,,,,
20251120,884275.TI,生猪养殖,,,,,,
20251120,884313.TI,电信运营商,,,,,,
20251120,881145.TI,电力,,,,,,
20251120,885819.TI,电力物联网,,,,,,
20251120,881172.TI,电子化学品,,,,,,
20251120,885737.TI,电子竞技,,,,,,
20251120,885953.TI,电子纸,,,,,,
20251120,885975.TI,电子身份证,,,,,,
20251120,881277.TI,电机,,,,,,
20251120,884086.TI,电气自控设备,,,,,,
20251120,881281.TI,电池,,,,,,
20251120,884310.TI,电池化学品,,,,,,
20251120,881278.TI,电网设备,,,,,,
20251120,884246.TI,电能综合服务,,,,,,
20251120,884172.TI,电视广播,,,,,,
20251120,884278.TI,畜禽饲料,,,,,,
20251120,884239.TI,疫苗,,,,,,
20251120,881131.TI,白色家电,,,,,,
20251120,881273.TI,白酒,,,,,,
20251120,885525.TI,白酒概念,,,,,,
20251120,883916.TI,百元股,,,,,,
20251120,885797.TI,百度概念,,,,,,
20251120,883416.TI,百日新高,,,,,,
20251120,884160.TI,百货零售,,,,,,
20251120,885922.TI,盐湖提锂,,,,,,
20251120,885838.TI,眼科医疗,,,,,,
20251120,885791.TI,知识产权保护,,,,,,
20251120,886060.TI,短剧游戏,,,,,,
20251120,885355.TI,石墨烯,,,,,,
20251120,885781.TI,石墨电极,,,,,,
20251120,884020.TI,石油加工,,,,,,
20251120,881180.TI,石油加工贸易,,,,,,
20251120,883930.TI,破净股,,,,,,
20251120,883965.TI,破发次新股,,,,,,
20251120,884302.TI,硅料硅片,,,,,,
20251120,885958.TI,硅能源,,,,,,
20251120,885919.TI,碳中和,,,,,,
20251120,885986.TI,碳交易,,,,,,
20251120,885650.TI,碳纤维,,,,,,
20251120,884057.TI,磁性材料,,,,,,
20251120,884071.TI,磨具磨料,,,,,,
20251120,885863.TI,磷化工,,,,,,
20251120,884027.TI,磷肥及磷化工,,,,,,
20251120,883407.TI,社保新进,,,,,,
20251120,883922.TI,社保重仓,,,,,,
20251120,882005.TI,福建,,,,,,
20251120,885617.TI,福建自贸区,,,,,,
20251120,885508.TI,禽流感,,,,,,
20251120,884001.TI,种子生产,,,,,,
20251120,881101.TI,种植业与林业,,,,,,
20251120,000698.SH,科创100,,,,,,
20251120,000699.SH,科创200,,,,,,
20251120,000688.SH,科创50,,,,,,
20251120,N00688.CSI,科创50(净),,,,,,
20251120,000681.SH,科创价格,,,,,,
20251120,885907.TI,科创次新股,,,,,,
20251120,000680.SH,科创综指,,,,,,
20251120,883432.TI,科技(TMT),,,,,,
20251120,H30318.CSI,科技传媒通信150,,,,,,
20251120,399243.SZ,科研指数,,,,,,
20251120,885758.TI,租售同权,,,,,,
20251120,885333.TI,移动支付,,,,,,
20251120,884215.TI,稀土,,,,,,
20251120,885343.TI,稀土永磁,,,,,,
20251120,886010.TI,空气能热泵,,,,,,
20251120,884113.TI,空调,,,,,,
20251120,886049.TI,空间计算,,,,,,
20251120,885908.TI,第三代半导体,,,,,,
20251120,000971.CSI,等权90,,,,,,
20251120,886050.TI,算力租赁,,,,,,
20251120,884064.TI,管材,,,,,,
20251120,884043.TI,粘胶,,,,,,
20251120,885521.TI,粤港澳大湾区,,,,,,
20251120,884010.TI,粮油加工,,,,,,
20251120,885995.TI,粮食概念,,,,,,
20251120,884002.TI,粮食种植,,,,,,
20251120,000015.SH,红利指数,,,,,,
20251120,883438.TI,红利破净股,,,,,,
20251120,884022.TI,纯碱,,,,,,
20251120,IXIC.GI,纳斯达克综指,,,,,,
20251120,881135.TI,纺织制造,,,,,,
20251120,884033.TI,纺织化学用品,,,,,,
20251120,884076.TI,纺织服装设备,,,,,,
20251120,884089.TI,线缆部件及其他,,,,,,
20251120,000814.SH,细分医药,,,,,,
20251120,885769.TI,细胞免疫治疗,,,,,,
20251120,000860.CSI,结构调整,,,,,,
20251120,885988.TI,统一大市场,,,,,,
20251120,886081.TI,维生素,,,,,,
20251120,399249.SZ,综企指数,,,,,,
20251120,881165.TI,综合,,,,,,
20251120,000008.SH,综合指数,,,,,,
20251120,884270.TI,综合环境治理,,,,,,
20251120,885936.TI,绿色电力,,,,,,
20251120,885876.TI,网红经济,,,,,,
20251120,885753.TI,网约车,,,,,,
20251120,885459.TI,网络安全,,,,,,
20251120,885603.TI,网络游戏,,,,,,
20251120,881182.TI,美容护理,,,,,,
20251120,884063.TI,耐火材料,,,,,,
20251120,885586.TI,职业教育,,,,,,
20251120,884039.TI,聚氨酯,,,,,,
20251120,884123.TI,肉制品,,,,,,
20251120,884276.TI,肉鸡养殖,,,,,,
20251120,885989.TI,肝炎概念,,,,,,
20251120,883925.TI,股东户数减少,,,,,,
20251120,883933.TI,股东户数增加,,,,,,
20251120,884250.TI,股份制银行,,,,,,
20251120,883938.TI,股性不活跃,,,,,,
20251120,883932.TI,股权分散,,,,,,
20251120,885739.TI,股权转让(并购重组),,,,,,
20251120,884080.TI,能源及重型设备,,,,,,
20251120,881267.TI,能源金属,,,,,,
20251120,886047.TI,脑机接口,,,,,,
20251120,885779.TI,腾讯概念,,,,,,
20251120,884213.TI,膜材料,,,,,,
20251120,881171.TI,自动化设备,,,,,,
20251120,884164.TI,自然景点,,,,,,
20251120,885764.TI,自由贸易港,,,,,,
20251120,884180.TI,航天装备,,,,,,
20251120,884183.TI,航海装备,,,,,,
20251120,885884.TI,航空发动机,,,,,,
20251120,884181.TI,航空装备,,,,,,
20251120,884157.TI,航空运输,,,,,,
20251120,884191.TI,航运,,,,,,
20251120,885733.TI,航运概念,,,,,,
20251120,885805.TI,芬太尼,,,,,,
20251120,885756.TI,芯片概念,,,,,,
20251120,886048.TI,英伟达概念,,,,,,
20251120,885376.TI,苹果概念,,,,,,
20251120,885640.TI,草甘膦,,,,,,
20251120,884300.TI,药店,,,,,,
20251120,885950.TI,虚拟数字人,,,,,,
20251120,885709.TI,虚拟现实,,,,,,
20251120,886004.TI,虚拟电厂,,,,,,
20251120,885749.TI,蚂蚁集团概念,,,,,,
20251120,883969.TI,融资盘高持仓,,,,,,
20251120,885338.TI,融资融券,,,,,,
20251120,886028.TI,血氧仪,,,,,,
20251120,884238.TI,血液制品,,,,,,
20251120,883917.TI,行业龙头,,,,,,
20251120,884093.TI,被动元件,,,,,,
20251120,885760.TI,装配式建筑,,,,,,
20251120,884065.TI,装饰园林,,,,,,
20251120,882030.TI,西藏,,,,,,
20251120,886086.TI,西部大开发,,,,,,
20251120,881130.TI,计算机设备,,,,,,
20251120,881157.TI,证券,,,,,,
20251120,399975.SZ,证券公司,,,,,,
20251120,885663.TI,证金持股,,,,,,
20251120,885772.TI,语音技术,,,,,,
20251120,884124.TI,调味发酵品,,,,,,
20251120,886080.TI,财税数字化,,,,,,
20251120,000048.SH,责任指数,,,,,,
20251120,882010.TI,贵州,,,,,,
20251120,881169.TI,贵金属,,,,,,
20251120,881159.TI,贸易,,,,,,
20251120,885792.TI,赛马概念,,,,,,
20251120,000043.SH,超大盘,,,,,,
20251120,886038.TI,超导概念,,,,,,
20251120,885761.TI,超级品牌,,,,,,
20251120,885886.TI,超级电容,,,,,,
20251120,885996.TI,超超临界发电,,,,,,
20251120,883975.TI,超跌股,,,,,,
20251120,885580.TI,足球概念,,,,,,
20251120,885966.TI,跨境支付(CIPS),,,,,,
20251120,885642.TI,跨境电商,,,,,,
20251120,885662.TI,车联网(车路协同),,,,,,
20251120,884289.TI,车身附件及饰件,,,,,,
20251120,881269.TI,轨交设备,,,,,,
20251120,885877.TI,转基因,,,,,,
20251120,884291.TI,轮胎轮毂,,,,,,
20251120,881272.TI,软件开发,,,,,,
20251120,884120.TI,软饮料,,,,,,
20251120,885909.TI,辅助生殖,,,,,,
20251120,884131.TI,辅料,,,,,,
20251120,884088.TI,输变电设备,,,,,,
20251120,882019.TI,辽宁,,,,,,
20251120,399237.SZ,运输指数,,,,,,
20251120,883919.TI,近期复牌,,,,,,
20251120,883959.TI,近期并购,,,,,,
20251120,883968.TI,近期异动,,,,,,
20251120,883409.TI,近期强势,,,,,,
20251120,883408.TI,近期新高,,,,,,
20251120,883920.TI,近期解禁,,,,,,
20251120,883907.TI,近端次新股,,,,,,
20251120,883974.TI,远端次新股,,,,,,
20251120,884304.TI,逆变器,,,,,,
20251120,884314.TI,通信工程及服务,,,,,,
20251120,884315.TI,通信应用增值服务,,,,,,
20251120,881162.TI,通信服务,,,,,,
20251120,884263.TI,通信线缆及配套,,,,,,
20251120,884264.TI,通信终端及配件,,,,,,
20251120,884262.TI,通信网络设备及器件,,,,,,
20251120,881129.TI,通信设备,,,,,,
20251120,881117.TI,通用设备,,,,,,
20251120,881137.TI,造纸,,,,,,
20251120,884167.TI,酒店,,,,,,
20251120,399232.SZ,采矿指数,,,,,,
20251120,882003.TI,重庆,,,,,,
20251120,885955.TI,重组蛋白,,,,,,
20251120,885730.TI,量子科技,,,,,,
20251120,884075.TI,金属制品,,,,,,
20251120,885972.TI,金属回收,,,,,,
20251120,881114.TI,金属新材料,,,,,,
20251120,885865.TI,金属钴,,,,,,
20251120,885971.TI,金属铅,,,,,,
20251120,885973.TI,金属铜,,,,,,
20251120,885970.TI,金属锌,,,,,,
20251120,885969.TI,金属镍,,,,,,
20251120,883431.TI,金融地产,,,,,,
20251120,399240.SZ,金融指数,,,,,,
20251120,399699.SZ,金融科技,,,,,,
20251120,886003.TI,钒电池,,,,,,
20251120,886006.TI,钙钛矿电池,,,,,,
20251120,884209.TI,钛白粉,,,,,,
20251120,885652.TI,钛白粉概念,,,,,,
20251120,885928.TI,钠离子电池,,,,,,
20251120,881112.TI,钢铁,,,,,,
20251120,884282.TI,钨,,,,,,
20251120,884284.TI,钴,,,,,,
20251120,884283.TI,钼,,,,,,
20251120,884031.TI,钾肥,,,,,,
20251120,884155.TI,铁路运输,,,,,,
20251120,884055.TI,铅锌,,,,,,
20251120,884054.TI,铜,,,,,,
20251120,886073.TI,铜缆高速连接,,,,,,
20251120,884053.TI,铝,,,,,,
20251120,000959.CSI,银河99,,,,,,
20251120,881155.TI,银行,,,,,,
20251120,884286.TI,锂,,,,,,
20251120,884311.TI,锂电专用设备,,,,,,
20251120,884309.TI,锂电池,,,,,,
20251120,885710.TI,锂电池概念,,,,,,
20251120,884285.TI,镍,,,,,,
20251120,885832.TI,长三角一体化,,,,,,
20251120,886061.TI,长安汽车概念,,,,,,
20251120,886056.TI,阿尔茨海默概念,,,,,,
20251120,885611.TI,阿里巴巴概念,,,,,,
20251120,882025.TI,陕西,,,,,,
20251120,885744.TI,雄安新区,,,,,,
20251120,886105.TI,雅下水电概念,,,,,,
20251120,884227.TI,集成电路制造,,,,,,
20251120,884228.TI,集成电路封测,,,,,,
20251120,881158.TI,零售,,,,,,
20251120,885990.TI,露营经济,,,,,,
20251120,882022.TI,青海,,,,,,
20251120,885852.TI,青蒿素,,,,,,
20251120,000064.SH,非周期,,,,,,
20251120,881167.TI,非金属材料,,,,,,
20251120,884094.TI,面板,,,,,,
20251120,884136.TI,鞋帽及其他,,,,,,
20251120,885372.TI,页岩气,,,,,,
20251120,885951.TI,预制菜,,,,,,
20251120,884297.TI,预加工食品,,,,,,
20251120,885641.TI,风电,,,,,,
20251120,884307.TI,风电整机,,,,,,
20251120,881280.TI,风电设备,,,,,,
20251120,884308.TI,风电零部件,,,,,,
20251120,886066.TI,飞行汽车(eVTOL),,,,,,
20251120,881134.TI,食品加工制造,,,,,,
20251120,884210.TI,食品及饲料添加剂,,,,,,
20251120,885406.TI,食品安全,,,,,,
20251120,884168.TI,餐饮,,,,,,
20251120,399238.SZ,餐饮指数,,,,,,
20251120,881133.TI,饮料制造,,,,,,
20251120,884141.TI,饰品,,,,,,
20251120,883441.TI,高ROE股,,,,,,
20251120,886001.TI,高压快充,,,,,,
20251120,886018.TI,高压氧舱,,,,,,
20251120,883976.TI,高商誉,,,,,,
20251120,883414.TI,高市净率,,,,,,
20251120,883412.TI,高市盈率,,,,,,
20251120,883439.TI,高应收账款股,,,,,,
20251120,883440.TI,高成长股,,,,,,
20251120,883970.TI,高毅持股(财报汇总),,,,,,
20251120,883937.TI,高比例质押,,,,,,
20251120,885427.TI,高端装备,,,,,,
20251120,886072.TI,高股息精选,,,,,,
20251120,883927.TI,高股息股,,,,,,
20251120,883926.TI,高贝塔值,,,,,,
20251120,883405.TI,高送转,,,,,,
20251120,884154.TI,高速公路,,,,,,
20251120,885562.TI,高铁,,,,,,
20251120,885923.TI,鸿蒙概念,,,,,,
20251120,885530.TI,黄金概念,,,,,,
20251120,881132.TI,黑色家电,,,,,,
20251120,882004.TI,黑龙江,,,,,,
20251120,885849.TI,黑龙江自贸区,,,,,,
20251120,883913.TI,龙虎榜指数,,,,,,
